2026-02-11 04:35:17,676 [INFO] app.database: Attempting to connect to database (Attempt 1/10)...
2026-02-11 04:35:17,743 [INFO] app.database: Ensured promptmodeenum includes OCR_EXTRACT
2026-02-11 04:35:17,744 [INFO] app.database: Database connection successful and tables created.
2026-02-11 04:35:17,839 [INFO] root: Prompt registry bootstrap from files is disabled; using DB-only prompts/schemas.
2026-02-11 04:35:17,875 [INFO] root: Prompt binding integrity OK: active_bindings=9 active_pairs=9
2026-02-11 04:35:17,877 [INFO] app: Stripe env loaded: STRIPE_SECRET_KEY=SET STRIPE_LIVE_MODE=False
2026-02-11 04:35:17,878 [INFO] app: Stripe key masked: sk_test***6NRS
2026-02-11 04:35:20,632 [INFO] api: Incoming: GET /health
2026-02-11 04:35:20,635 [INFO] api: Response: 200 | 2ms
2026-02-10 20:35:31,119 [INFO] app.database: Attempting to connect to database (Attempt 1/10)...
2026-02-10 20:35:31,194 [INFO] app.database: Ensured promptmodeenum includes OCR_EXTRACT
2026-02-10 20:35:31,195 [INFO] app.database: Database connection successful and tables created.
2026-02-10 20:35:31,453 [INFO] root: Prompt registry bootstrap from files is disabled; using DB-only prompts/schemas.
2026-02-10 20:35:31,483 [INFO] root: Prompt binding integrity OK: active_bindings=9 active_pairs=9
2026-02-10 20:35:31,484 [INFO] app: Stripe env loaded: STRIPE_SECRET_KEY=SET STRIPE_LIVE_MODE=False
2026-02-10 20:35:31,484 [INFO] app: Stripe key masked: sk_test***6NRS
2026-02-11 04:35:35,875 [INFO] api: Incoming: GET /health
2026-02-11 04:35:35,877 [INFO] api: Response: 200 | 1ms
2026-02-10 20:35:50,054 [INFO] api: Incoming: GET /api/v1/wallet/summary
2026-02-10 20:35:50,054 [INFO] api: Incoming: GET /api/v1/user/profile
2026-02-10 20:35:50,088 [INFO] api: Response: 200 | 30ms
2026-02-10 20:35:50,095 [INFO] api: Incoming: GET /api/v1/users/online
2026-02-10 20:35:50,100 [INFO] api: Response: 200 | 5ms
2026-02-10 20:35:50,107 [INFO] api: Response: 200 | 51ms
2026-02-11 04:35:51,190 [INFO] api: Incoming: GET /health
2026-02-11 04:35:51,191 [INFO] api: Response: 200 | 1ms
2026-02-11 04:36:06,424 [INFO] api: Incoming: GET /health
2026-02-11 04:36:06,426 [INFO] api: Response: 200 | 1ms
2026-02-11 04:39:45,182 [INFO] app.database: Attempting to connect to database (Attempt 1/10)...
2026-02-11 04:39:45,267 [INFO] app.database: Ensured promptmodeenum includes OCR_EXTRACT
2026-02-11 04:39:45,268 [INFO] app.database: Database connection successful and tables created.
2026-02-11 04:39:45,370 [INFO] root: Prompt registry bootstrap from files is disabled; using DB-only prompts/schemas.
2026-02-11 04:39:45,407 [INFO] root: Prompt binding integrity OK: active_bindings=9 active_pairs=9
2026-02-11 04:39:45,408 [INFO] app: Stripe env loaded: STRIPE_SECRET_KEY=SET STRIPE_LIVE_MODE=False
2026-02-11 04:39:45,409 [INFO] app: Stripe key masked: sk_test***6NRS
2026-02-11 04:39:46,912 [INFO] api: Incoming: GET /health
2026-02-11 04:39:46,914 [INFO] api: Response: 200 | 2ms
2026-02-11 04:40:02,127 [INFO] api: Incoming: GET /health
2026-02-11 04:40:02,128 [INFO] api: Response: 200 | 1ms
2026-02-11 04:40:17,345 [INFO] api: Incoming: GET /health
2026-02-11 04:40:17,347 [INFO] api: Response: 200 | 1ms
2026-02-11 04:40:32,562 [INFO] api: Incoming: GET /health
2026-02-11 04:40:32,564 [INFO] api: Response: 200 | 1ms
2026-02-11 04:40:47,781 [INFO] api: Incoming: GET /health
2026-02-11 04:40:47,783 [INFO] api: Response: 200 | 1ms
2026-02-11 04:41:03,009 [INFO] api: Incoming: GET /health
2026-02-11 04:41:03,011 [INFO] api: Response: 200 | 2ms
2026-02-11 04:41:18,258 [INFO] api: Incoming: GET /health
2026-02-11 04:41:18,260 [INFO] api: Response: 200 | 2ms
2026-02-11 04:41:33,781 [INFO] api: Incoming: GET /health
2026-02-11 04:41:33,790 [INFO] api: Response: 200 | 9ms
2026-02-11 04:41:49,127 [INFO] api: Incoming: GET /health
2026-02-11 04:41:49,129 [INFO] api: Response: 200 | 1ms
2026-02-11 04:42:04,466 [INFO] api: Incoming: GET /health
2026-02-11 04:42:04,468 [INFO] api: Response: 200 | 2ms
2026-02-11 04:42:19,979 [INFO] api: Incoming: GET /health
2026-02-11 04:42:19,983 [INFO] api: Response: 200 | 4ms
2026-02-11 04:42:35,347 [INFO] api: Incoming: GET /health
2026-02-11 04:42:35,352 [INFO] api: Response: 200 | 5ms
2026-02-11 04:42:50,722 [INFO] api: Incoming: GET /health
2026-02-11 04:42:50,724 [INFO] api: Response: 200 | 2ms
2026-02-11 04:43:05,967 [INFO] api: Incoming: GET /health
2026-02-11 04:43:05,969 [INFO] api: Response: 200 | 2ms
2026-02-11 04:43:21,204 [INFO] api: Incoming: GET /health
2026-02-11 04:43:21,206 [INFO] api: Response: 200 | 1ms
2026-02-11 04:43:36,438 [INFO] api: Incoming: GET /health
2026-02-11 04:43:36,439 [INFO] api: Response: 200 | 1ms
2026-02-11 04:43:51,676 [INFO] api: Incoming: GET /health
2026-02-11 04:43:51,677 [INFO] api: Response: 200 | 1ms
2026-02-11 04:44:06,906 [INFO] api: Incoming: GET /health
2026-02-11 04:44:06,908 [INFO] api: Response: 200 | 1ms
2026-02-11 04:44:22,152 [INFO] api: Incoming: GET /health
2026-02-11 04:44:22,153 [INFO] api: Response: 200 | 1ms
2026-02-11 04:44:37,372 [INFO] api: Incoming: GET /health
2026-02-11 04:44:37,373 [INFO] api: Response: 200 | 1ms
2026-02-11 04:44:52,580 [INFO] api: Incoming: GET /health
2026-02-11 04:44:52,581 [INFO] api: Response: 200 | 1ms
2026-02-11 04:45:07,810 [INFO] api: Incoming: GET /health
2026-02-11 04:45:07,814 [INFO] api: Response: 200 | 3ms
2026-02-11 04:45:23,045 [INFO] api: Incoming: GET /health
2026-02-11 04:45:23,047 [INFO] api: Response: 200 | 2ms
2026-02-11 04:45:38,264 [INFO] api: Incoming: GET /health
2026-02-11 04:45:38,265 [INFO] api: Response: 200 | 1ms
2026-02-11 04:45:53,487 [INFO] api: Incoming: GET /health
2026-02-11 04:45:53,489 [INFO] api: Response: 200 | 1ms
2026-02-11 04:46:08,706 [INFO] api: Incoming: GET /health
2026-02-11 04:46:08,709 [INFO] api: Response: 200 | 3ms
2026-02-11 04:46:23,930 [INFO] api: Incoming: GET /health
2026-02-11 04:46:23,937 [INFO] api: Response: 200 | 6ms
2026-02-11 04:46:39,144 [INFO] api: Incoming: GET /health
2026-02-11 04:46:39,145 [INFO] api: Response: 200 | 1ms
2026-02-11 04:46:54,372 [INFO] api: Incoming: GET /health
2026-02-11 04:46:54,374 [INFO] api: Response: 200 | 2ms
2026-02-11 04:47:09,591 [INFO] api: Incoming: GET /health
2026-02-11 04:47:09,592 [INFO] api: Response: 200 | 1ms
2026-02-11 04:47:24,838 [INFO] api: Incoming: GET /health
2026-02-11 04:47:24,844 [INFO] api: Response: 200 | 5ms
2026-02-11 04:47:40,071 [INFO] api: Incoming: GET /health
2026-02-11 04:47:40,073 [INFO] api: Response: 200 | 1ms
2026-02-11 04:47:55,340 [INFO] api: Incoming: GET /health
2026-02-11 04:47:55,341 [INFO] api: Response: 200 | 1ms
2026-02-11 04:48:10,617 [INFO] api: Incoming: GET /health
2026-02-11 04:48:10,619 [INFO] api: Response: 200 | 1ms
2026-02-11 04:48:25,912 [INFO] api: Incoming: GET /health
2026-02-11 04:48:25,914 [INFO] api: Response: 200 | 1ms
2026-02-11 04:48:41,163 [INFO] api: Incoming: GET /health
2026-02-11 04:48:41,175 [INFO] api: Response: 200 | 11ms
2026-02-11 04:48:56,450 [INFO] api: Incoming: GET /health
2026-02-11 04:48:56,453 [INFO] api: Response: 200 | 3ms
2026-02-11 04:49:11,668 [INFO] api: Incoming: GET /health
2026-02-11 04:49:11,670 [INFO] api: Response: 200 | 2ms
2026-02-11 04:49:26,955 [INFO] api: Incoming: GET /health
2026-02-11 04:49:26,957 [INFO] api: Response: 200 | 1ms
2026-02-11 04:49:42,192 [INFO] api: Incoming: GET /health
2026-02-11 04:49:42,196 [INFO] api: Response: 200 | 4ms
2026-02-11 04:49:57,426 [INFO] api: Incoming: GET /health
2026-02-11 04:49:57,429 [INFO] api: Response: 200 | 2ms
2026-02-11 04:50:12,677 [INFO] api: Incoming: GET /health
2026-02-11 04:50:12,679 [INFO] api: Response: 200 | 1ms
2026-02-11 04:50:27,974 [INFO] api: Incoming: GET /health
2026-02-11 04:50:27,990 [INFO] api: Response: 200 | 15ms
2026-02-11 04:50:43,215 [INFO] api: Incoming: GET /health
2026-02-11 04:50:43,217 [INFO] api: Response: 200 | 2ms
2026-02-11 04:50:58,430 [INFO] api: Incoming: GET /health
2026-02-11 04:50:58,432 [INFO] api: Response: 200 | 2ms
2026-02-11 04:51:13,669 [INFO] api: Incoming: GET /health
2026-02-11 04:51:13,671 [INFO] api: Response: 200 | 1ms
2026-02-11 04:51:28,895 [INFO] api: Incoming: GET /health
2026-02-11 04:51:28,897 [INFO] api: Response: 200 | 2ms
2026-02-11 04:51:44,112 [INFO] api: Incoming: GET /health
2026-02-11 04:51:44,115 [INFO] api: Response: 200 | 2ms
2026-02-11 04:51:59,326 [INFO] api: Incoming: GET /health
2026-02-11 04:51:59,327 [INFO] api: Response: 200 | 1ms
2026-02-11 04:52:14,550 [INFO] api: Incoming: GET /health
2026-02-11 04:52:14,553 [INFO] api: Response: 200 | 2ms
2026-02-11 04:52:29,784 [INFO] api: Incoming: GET /health
2026-02-11 04:52:29,786 [INFO] api: Response: 200 | 1ms
2026-02-11 04:52:45,010 [INFO] api: Incoming: GET /health
2026-02-11 04:52:45,012 [INFO] api: Response: 200 | 2ms
2026-02-11 04:53:00,241 [INFO] api: Incoming: GET /health
2026-02-11 04:53:00,243 [INFO] api: Response: 200 | 1ms
2026-02-11 04:53:15,466 [INFO] api: Incoming: GET /health
2026-02-11 04:53:15,468 [INFO] api: Response: 200 | 2ms
2026-02-11 04:53:30,700 [INFO] api: Incoming: GET /health
2026-02-11 04:53:30,703 [INFO] api: Response: 200 | 3ms
2026-02-11 04:53:45,913 [INFO] api: Incoming: GET /health
2026-02-11 04:53:45,915 [INFO] api: Response: 200 | 2ms
2026-02-11 04:54:01,157 [INFO] api: Incoming: GET /health
2026-02-11 04:54:01,159 [INFO] api: Response: 200 | 1ms
2026-02-11 04:54:16,401 [INFO] api: Incoming: GET /health
2026-02-11 04:54:16,403 [INFO] api: Response: 200 | 2ms
2026-02-11 04:54:31,759 [INFO] api: Incoming: GET /health
2026-02-11 04:54:31,762 [INFO] api: Response: 200 | 2ms
2026-02-11 04:54:47,096 [INFO] api: Incoming: GET /health
2026-02-11 04:54:47,098 [INFO] api: Response: 200 | 1ms
2026-02-11 04:55:02,442 [INFO] api: Incoming: GET /health
2026-02-11 04:55:02,444 [INFO] api: Response: 200 | 2ms
2026-02-11 04:55:17,791 [INFO] api: Incoming: GET /health
2026-02-11 04:55:17,793 [INFO] api: Response: 200 | 1ms
2026-02-11 04:55:33,146 [INFO] api: Incoming: GET /health
2026-02-11 04:55:33,148 [INFO] api: Response: 200 | 1ms
2026-02-11 04:55:48,448 [INFO] api: Incoming: GET /health
2026-02-11 04:55:48,450 [INFO] api: Response: 200 | 1ms
2026-02-11 04:55:50,836 [INFO] api: Incoming: GET /api/v1/topups/products
2026-02-11 04:55:50,856 [INFO] api: Response: 200 | 19ms
2026-02-11 04:55:56,720 [INFO] api: Incoming: OPTIONS /api/v1/wallet/summary
2026-02-11 04:55:56,721 [INFO] api: Response: 200 | 1ms
2026-02-11 04:55:56,723 [INFO] api: Incoming: OPTIONS /api/v1/wallet/summary
2026-02-11 04:55:56,724 [INFO] api: Incoming: OPTIONS /api/v1/wallet/programs
2026-02-11 04:55:56,726 [INFO] api: Incoming: OPTIONS /api/v1/wallet/programs
2026-02-11 04:55:56,727 [INFO] api: Response: 200 | 4ms
2026-02-11 04:55:56,729 [INFO] api: Response: 200 | 4ms
2026-02-11 04:55:56,731 [INFO] api: Response: 200 | 5ms
2026-02-11 04:55:56,732 [INFO] api: Incoming: OPTIONS /api/v1/wallet/summary
2026-02-11 04:55:56,734 [INFO] api: Incoming: OPTIONS /api/v1/wallet/summary
2026-02-11 04:55:56,736 [INFO] api: Incoming: GET /api/v1/wallet/summary
2026-02-11 04:55:56,737 [INFO] api: Incoming: GET /api/v1/wallet/programs
2026-02-11 04:55:56,738 [INFO] api: Response: 200 | 6ms
2026-02-11 04:55:56,740 [INFO] api: Response: 200 | 5ms
2026-02-11 04:55:56,763 [INFO] api: Incoming: GET /api/v1/user/profile
2026-02-11 04:55:56,766 [INFO] api: Incoming: GET /api/v1/history
2026-02-11 04:55:56,767 [INFO] api: Incoming: GET /api/v1/config/token-policy
2026-02-11 04:55:56,769 [INFO] api: Incoming: GET /api/v1/config/token-policy
2026-02-11 04:55:56,876 [INFO] api: Response: 200 | 112ms
2026-02-11 04:55:56,877 [INFO] api: Response: 200 | 110ms
2026-02-11 04:55:56,882 [INFO] api: Response: 200 | 112ms
2026-02-11 04:55:56,883 [INFO] api: Response: 200 | 116ms
2026-02-11 04:55:56,889 [INFO] api: Response: 200 | 151ms
2026-02-11 04:55:56,894 [INFO] api: Incoming: GET /api/v1/wallet/programs
2026-02-11 04:55:56,904 [INFO] api: Incoming: OPTIONS /api/v1/credits/estimate
2026-02-11 04:55:56,907 [INFO] api: Incoming: GET /api/v1/user/profile
2026-02-11 04:55:56,908 [INFO] api: Incoming: GET /api/v1/users/online
2026-02-11 04:55:56,909 [INFO] api: Response: 200 | 4ms
2026-02-11 04:55:56,912 [INFO] api: Incoming: GET /api/v1/history
2026-02-11 04:55:56,914 [INFO] api: Response: 200 | 177ms
2026-02-11 04:55:56,930 [INFO] api: Incoming: POST /api/v1/credits/estimate
2026-02-11 04:55:56,933 [INFO] api: Incoming: GET /api/v1/wallet/summary
2026-02-11 04:55:56,937 [INFO] api: Response: 200 | 30ms
2026-02-11 04:55:56,939 [INFO] api: Response: 200 | 30ms
2026-02-11 04:55:56,940 [INFO] api: Response: 200 | 45ms
2026-02-11 04:55:56,943 [INFO] api: Response: 200 | 31ms
2026-02-11 04:55:56,959 [INFO] api: Incoming: GET /api/v1/users/online
2026-02-11 04:55:56,962 [INFO] api: Response: 200 | 32ms
2026-02-11 04:55:56,967 [INFO] api: Response: 200 | 8ms
2026-02-11 04:55:56,969 [INFO] api: Response: 200 | 36ms
2026-02-11 04:55:56,974 [INFO] api: Incoming: GET /api/v1/wallet/summary
2026-02-11 04:55:56,990 [INFO] api: Response: 200 | 16ms
2026-02-11 04:55:56,995 [INFO] api: Incoming: GET /api/v1/wallet/summary
2026-02-11 04:55:57,010 [INFO] api: Response: 200 | 14ms
2026-02-11 04:55:59,382 [INFO] api: Incoming: OPTIONS /api/v1/wallet/ledger
2026-02-11 04:55:59,384 [INFO] api: Incoming: GET /api/v1/wallet/summary
2026-02-11 04:55:59,386 [INFO] api: Incoming: OPTIONS /api/v1/wallet/programs
2026-02-11 04:55:59,388 [INFO] api: Incoming: OPTIONS /api/v1/wallet/ledger
2026-02-11 04:55:59,389 [INFO] api: Incoming: OPTIONS /api/v1/wallet/programs
2026-02-11 04:55:59,390 [INFO] api: Response: 200 | 7ms
2026-02-11 04:55:59,393 [INFO] api: Response: 200 | 6ms
2026-02-11 04:55:59,395 [INFO] api: Response: 200 | 7ms
2026-02-11 04:55:59,397 [INFO] api: Response: 200 | 7ms
2026-02-11 04:55:59,400 [INFO] api: Incoming: GET /api/v1/wallet/ledger
2026-02-11 04:55:59,401 [INFO] api: Incoming: GET /api/v1/history
2026-02-11 04:55:59,404 [INFO] api: Incoming: GET /api/v1/wallet/programs
2026-02-11 04:55:59,454 [INFO] api: Response: 200 | 52ms
2026-02-11 04:55:59,460 [INFO] api: Response: 200 | 56ms
2026-02-11 04:55:59,468 [INFO] api: Incoming: GET /api/v1/history
2026-02-11 04:55:59,471 [INFO] api: Incoming: GET /api/v1/wallet/programs
2026-02-11 04:55:59,475 [INFO] api: Incoming: GET /api/v1/user/token-usage
2026-02-11 04:55:59,517 [INFO] api: Response: 200 | 117ms
2026-02-11 04:55:59,523 [INFO] api: Response: 200 | 54ms
2026-02-11 04:55:59,524 [INFO] api: Response: 200 | 139ms
2026-02-11 04:55:59,527 [INFO] api: Incoming: GET /api/v1/wallet/ledger
2026-02-11 04:55:59,531 [INFO] api: Response: 200 | 56ms
2026-02-11 04:55:59,533 [INFO] api: Incoming: GET /api/v1/wallet/summary
2026-02-11 04:55:59,538 [INFO] api: Response: 200 | 67ms
2026-02-11 04:55:59,545 [INFO] api: Incoming: GET /api/v1/user/token-usage
2026-02-11 04:55:59,552 [INFO] api: Incoming: GET /api/v1/user/profile
2026-02-11 04:55:59,555 [INFO] api: Response: 200 | 10ms
2026-02-11 04:55:59,565 [INFO] api: Response: 200 | 38ms
2026-02-11 04:55:59,568 [INFO] api: Response: 200 | 16ms
2026-02-11 04:55:59,570 [INFO] api: Response: 200 | 37ms
2026-02-11 04:55:59,575 [INFO] api: Incoming: GET /api/v1/wallet/summary
2026-02-11 04:55:59,581 [INFO] api: Incoming: GET /api/v1/user/profile
2026-02-11 04:55:59,595 [INFO] api: Response: 200 | 13ms
2026-02-11 04:55:59,597 [INFO] api: Response: 200 | 22ms
2026-02-11 04:55:59,601 [INFO] api: Incoming: GET /api/v1/wallet/summary
2026-02-11 04:55:59,616 [INFO] api: Response: 200 | 14ms
2026-02-11 04:56:02,838 [INFO] api: Incoming: GET /api/v1/wallet/summary
2026-02-11 04:56:02,843 [INFO] api: Incoming: GET /api/v1/wallet/programs
2026-02-11 04:56:02,855 [INFO] api: Response: 200 | 11ms
2026-02-11 04:56:02,858 [INFO] api: Incoming: GET /api/v1/user/profile
2026-02-11 04:56:02,860 [INFO] api: Incoming: GET /api/v1/history
2026-02-11 04:56:02,863 [INFO] api: Incoming: GET /api/v1/wallet/programs
2026-02-11 04:56:02,867 [INFO] api: Incoming: GET /api/v1/config/token-policy
2026-02-11 04:56:02,878 [INFO] api: Incoming: GET /api/v1/config/token-policy
2026-02-11 04:56:02,887 [INFO] api: Response: 200 | 48ms
2026-02-11 04:56:02,889 [INFO] api: Response: 200 | 31ms
2026-02-11 04:56:02,892 [INFO] api: Response: 200 | 31ms
2026-02-11 04:56:02,895 [INFO] api: Response: 200 | 28ms
2026-02-11 04:56:02,897 [INFO] api: Response: 200 | 19ms
2026-02-11 04:56:02,900 [INFO] api: Incoming: GET /api/v1/wallet/summary
2026-02-11 04:56:02,907 [INFO] api: Response: 200 | 43ms
2026-02-11 04:56:02,915 [INFO] api: Incoming: GET /api/v1/user/profile
2026-02-11 04:56:02,927 [INFO] api: Incoming: GET /api/v1/history
2026-02-11 04:56:02,930 [INFO] api: Incoming: GET /api/v1/users/online
2026-02-11 04:56:02,932 [INFO] api: Response: 200 | 17ms
2026-02-11 04:56:02,943 [INFO] api: Response: 200 | 15ms
2026-02-11 04:56:02,944 [INFO] api: Response: 200 | 44ms
2026-02-11 04:56:02,947 [INFO] api: Response: 200 | 17ms
2026-02-11 04:56:02,950 [INFO] api: Incoming: GET /api/v1/wallet/summary
2026-02-11 04:56:02,962 [INFO] api: Incoming: POST /api/v1/credits/estimate
2026-02-11 04:56:02,970 [INFO] api: Response: 200 | 20ms
2026-02-11 04:56:02,973 [INFO] api: Incoming: GET /api/v1/users/online
2026-02-11 04:56:02,976 [INFO] api: Response: 200 | 14ms
2026-02-11 04:56:02,979 [INFO] api: Incoming: GET /api/v1/wallet/summary
2026-02-11 04:56:02,985 [INFO] api: Response: 200 | 12ms
2026-02-11 04:56:02,998 [INFO] api: Response: 200 | 19ms
2026-02-11 04:56:03,779 [INFO] api: Incoming: GET /health
2026-02-11 04:56:03,781 [INFO] api: Response: 200 | 2ms
2026-02-10 20:56:03,886 [INFO] app.database: Attempting to connect to database (Attempt 1/10)...
2026-02-10 20:56:04,127 [INFO] app.database: Ensured promptmodeenum includes OCR_EXTRACT
2026-02-10 20:56:04,128 [INFO] app.database: Database connection successful and tables created.
2026-02-11 04:56:04,368 [INFO] api: Incoming: POST /api/v1/credits/estimate
2026-02-11 04:56:04,375 [INFO] api: Response: 200 | 7ms
2026-02-10 20:56:04,820 [INFO] root: Prompt registry bootstrap from files is disabled; using DB-only prompts/schemas.
2026-02-10 20:56:04,906 [INFO] root: Prompt binding integrity OK: active_bindings=9 active_pairs=9
2026-02-10 20:56:04,906 [INFO] app: Stripe env loaded: STRIPE_SECRET_KEY=SET STRIPE_LIVE_MODE=False
2026-02-10 20:56:04,906 [INFO] app: Stripe key masked: sk_test***6NRS
2026-02-11 04:56:04,914 [INFO] api: Incoming: POST /api/v1/credits/estimate
2026-02-11 04:56:04,923 [INFO] api: Response: 200 | 8ms
2026-02-11 04:56:05,278 [INFO] api: Incoming: POST /api/v1/credits/estimate
2026-02-11 04:56:05,286 [INFO] api: Response: 200 | 8ms
2026-02-11 04:56:10,113 [INFO] api: Incoming: POST /api/v1/credits/estimate
2026-02-11 04:56:10,120 [INFO] api: Response: 200 | 7ms
2026-02-11 04:56:10,656 [INFO] api: Incoming: POST /api/v1/credits/estimate
2026-02-11 04:56:10,665 [INFO] api: Response: 200 | 9ms
2026-02-11 04:56:11,139 [INFO] api: Incoming: POST /api/v1/credits/estimate
2026-02-11 04:56:11,147 [INFO] api: Response: 200 | 7ms
2026-02-11 04:56:15,810 [INFO] api: Incoming: GET /api/v1/wallet/summary
2026-02-11 04:56:15,825 [INFO] api: Response: 200 | 14ms
2026-02-11 04:56:19,079 [INFO] api: Incoming: GET /health
2026-02-11 04:56:19,081 [INFO] api: Response: 200 | 2ms
2026-02-10 20:56:21,501 [INFO] api: Incoming: POST /api/v1/ocr/extract
2026-02-10 20:56:21,577 [ERROR] api: Response: 500 | Unhandled Error: [Errno 2] No such file or directory: 'storage/uploads\\68_20260211_030504_cadf4b9c.jpg'
  + Exception Group Traceback (most recent call last):
  |   File "C:\Users\loaia\AppData\Local\Programs\Python\Python311\Lib\site-packages\starlette\_utils.py", line 85, in collapse_excgroups
  |     yield
  |   File "C:\Users\loaia\AppData\Local\Programs\Python\Python311\Lib\site-packages\starlette\middleware\base.py", line 190, in __call__
  |     async with anyio.create_task_group() as task_group:
  |   File "C:\Users\loaia\AppData\Local\Programs\Python\Python311\Lib\site-packages\anyio\_backends\_asyncio.py", line 772, in __aexit__
  |     raise BaseExceptionGroup(
  | ExceptionGroup: unhandled errors in a TaskGroup (1 sub-exception)
  +-+---------------- 1 ----------------
    | Traceback (most recent call last):
    |   File "C:\Users\loaia\AppData\Local\Programs\Python\Python311\Lib\site-packages\starlette\middleware\errors.py", line 164, in __call__
    |     await self.app(scope, receive, _send)
    |   File "C:\Users\loaia\AppData\Local\Programs\Python\Python311\Lib\site-packages\starlette\middleware\base.py", line 189, in __call__
    |     with collapse_excgroups():
    |   File "C:\Users\loaia\AppData\Local\Programs\Python\Python311\Lib\contextlib.py", line 155, in __exit__
    |     self.gen.throw(typ, value, traceback)
    |   File "C:\Users\loaia\AppData\Local\Programs\Python\Python311\Lib\site-packages\starlette\_utils.py", line 91, in collapse_excgroups
    |     raise exc
    |   File "C:\Users\loaia\AppData\Local\Programs\Python\Python311\Lib\site-packages\starlette\middleware\base.py", line 191, in __call__
    |     response = await self.dispatch_func(request, call_next)
    |                ^^^^^^^^^^^^^^^^^^^^^^^^^^^^^^^^^^^^^^^^^^^^
    |   File "E:\uaskstudents\backend\app\main.py", line 153, in log_requests
    |     raise e
    |   File "E:\uaskstudents\backend\app\main.py", line 134, in log_requests
    |     response = await call_next(request)
    |                ^^^^^^^^^^^^^^^^^^^^^^^^
    |   File "C:\Users\loaia\AppData\Local\Programs\Python\Python311\Lib\site-packages\starlette\middleware\base.py", line 165, in call_next
    |     raise app_exc
    |   File "C:\Users\loaia\AppData\Local\Programs\Python\Python311\Lib\site-packages\starlette\middleware\base.py", line 151, in coro
    |     await self.app(scope, receive_or_disconnect, send_no_error)
    |   File "C:\Users\loaia\AppData\Local\Programs\Python\Python311\Lib\site-packages\starlette\middleware\cors.py", line 91, in __call__
    |     await self.simple_response(scope, receive, send, request_headers=headers)
    |   File "C:\Users\loaia\AppData\Local\Programs\Python\Python311\Lib\site-packages\starlette\middleware\cors.py", line 146, in simple_response
    |     await self.app(scope, receive, send)
    |   File "C:\Users\loaia\AppData\Local\Programs\Python\Python311\Lib\site-packages\starlette\middleware\exceptions.py", line 62, in __call__
    |     await wrap_app_handling_exceptions(self.app, conn)(scope, receive, send)
    |   File "C:\Users\loaia\AppData\Local\Programs\Python\Python311\Lib\site-packages\starlette\_exception_handler.py", line 64, in wrapped_app
    |     raise exc
    |   File "C:\Users\loaia\AppData\Local\Programs\Python\Python311\Lib\site-packages\starlette\_exception_handler.py", line 53, in wrapped_app
    |     await app(scope, receive, sender)
    |   File "C:\Users\loaia\AppData\Local\Programs\Python\Python311\Lib\site-packages\starlette\routing.py", line 762, in __call__
    |     await self.middleware_stack(scope, receive, send)
    |   File "C:\Users\loaia\AppData\Local\Programs\Python\Python311\Lib\site-packages\starlette\routing.py", line 782, in app
    |     await route.handle(scope, receive, send)
    |   File "C:\Users\loaia\AppData\Local\Programs\Python\Python311\Lib\site-packages\starlette\routing.py", line 297, in handle
    |     await self.app(scope, receive, send)
    |   File "C:\Users\loaia\AppData\Local\Programs\Python\Python311\Lib\site-packages\starlette\routing.py", line 77, in app
    |     await wrap_app_handling_exceptions(app, request)(scope, receive, send)
    |   File "C:\Users\loaia\AppData\Local\Programs\Python\Python311\Lib\site-packages\starlette\_exception_handler.py", line 64, in wrapped_app
    |     raise exc
    |   File "C:\Users\loaia\AppData\Local\Programs\Python\Python311\Lib\site-packages\starlette\_exception_handler.py", line 53, in wrapped_app
    |     await app(scope, receive, sender)
    |   File "C:\Users\loaia\AppData\Local\Programs\Python\Python311\Lib\site-packages\starlette\routing.py", line 72, in app
    |     response = await func(request)
    |                ^^^^^^^^^^^^^^^^^^^
    |   File "C:\Users\loaia\AppData\Local\Programs\Python\Python311\Lib\site-packages\fastapi\routing.py", line 299, in app
    |     raise e
    |   File "C:\Users\loaia\AppData\Local\Programs\Python\Python311\Lib\site-packages\fastapi\routing.py", line 294, in app
    |     raw_response = await run_endpoint_function(
    |                    ^^^^^^^^^^^^^^^^^^^^^^^^^^^^
    |   File "C:\Users\loaia\AppData\Local\Programs\Python\Python311\Lib\site-packages\fastapi\routing.py", line 191, in run_endpoint_function
    |     return await dependant.call(**values)
    |            ^^^^^^^^^^^^^^^^^^^^^^^^^^^^^^
    |   File "C:\Users\loaia\AppData\Local\Programs\Python\Python311\Lib\site-packages\slowapi\extension.py", line 734, in async_wrapper
    |     response = await func(*args, **kwargs)  # type: ignore
    |                ^^^^^^^^^^^^^^^^^^^^^^^^^^^
    |   File "E:\uaskstudents\backend\app\api.py", line 3203, in ocr_extract
    |     crop = await crop_service.create_crop(
    |            ^^^^^^^^^^^^^^^^^^^^^^^^^^^^^^^
    |   File "E:\uaskstudents\backend\app\services\ocr\crop_service.py", line 19, in create_crop
    |     img = Image.open(upload.storage_url)
    |           ^^^^^^^^^^^^^^^^^^^^^^^^^^^^^^
    |   File "C:\Users\loaia\AppData\Local\Programs\Python\Python311\Lib\site-packages\PIL\Image.py", line 3512, in open
    |     fp = builtins.open(filename, "rb")
    |          ^^^^^^^^^^^^^^^^^^^^^^^^^^^^^
    | FileNotFoundError: [Errno 2] No such file or directory: 'storage/uploads\\68_20260211_030504_cadf4b9c.jpg'
    +------------------------------------

During handling of the above exception, another exception occurred:

Traceback (most recent call last):
  File "C:\Users\loaia\AppData\Local\Programs\Python\Python311\Lib\site-packages\starlette\middleware\errors.py", line 164, in __call__
    await self.app(scope, receive, _send)
  File "C:\Users\loaia\AppData\Local\Programs\Python\Python311\Lib\site-packages\starlette\middleware\base.py", line 189, in __call__
    with collapse_excgroups():
  File "C:\Users\loaia\AppData\Local\Programs\Python\Python311\Lib\contextlib.py", line 155, in __exit__
    self.gen.throw(typ, value, traceback)
  File "C:\Users\loaia\AppData\Local\Programs\Python\Python311\Lib\site-packages\starlette\_utils.py", line 91, in collapse_excgroups
    raise exc
  File "C:\Users\loaia\AppData\Local\Programs\Python\Python311\Lib\site-packages\starlette\middleware\base.py", line 191, in __call__
    response = await self.dispatch_func(request, call_next)
               ^^^^^^^^^^^^^^^^^^^^^^^^^^^^^^^^^^^^^^^^^^^^
  File "E:\uaskstudents\backend\app\main.py", line 153, in log_requests
    raise e
  File "E:\uaskstudents\backend\app\main.py", line 134, in log_requests
    response = await call_next(request)
               ^^^^^^^^^^^^^^^^^^^^^^^^
  File "C:\Users\loaia\AppData\Local\Programs\Python\Python311\Lib\site-packages\starlette\middleware\base.py", line 165, in call_next
    raise app_exc
  File "C:\Users\loaia\AppData\Local\Programs\Python\Python311\Lib\site-packages\starlette\middleware\base.py", line 151, in coro
    await self.app(scope, receive_or_disconnect, send_no_error)
  File "C:\Users\loaia\AppData\Local\Programs\Python\Python311\Lib\site-packages\starlette\middleware\cors.py", line 91, in __call__
    await self.simple_response(scope, receive, send, request_headers=headers)
  File "C:\Users\loaia\AppData\Local\Programs\Python\Python311\Lib\site-packages\starlette\middleware\cors.py", line 146, in simple_response
    await self.app(scope, receive, send)
  File "C:\Users\loaia\AppData\Local\Programs\Python\Python311\Lib\site-packages\starlette\middleware\exceptions.py", line 62, in __call__
    await wrap_app_handling_exceptions(self.app, conn)(scope, receive, send)
  File "C:\Users\loaia\AppData\Local\Programs\Python\Python311\Lib\site-packages\starlette\_exception_handler.py", line 64, in wrapped_app
    raise exc
  File "C:\Users\loaia\AppData\Local\Programs\Python\Python311\Lib\site-packages\starlette\_exception_handler.py", line 53, in wrapped_app
    await app(scope, receive, sender)
  File "C:\Users\loaia\AppData\Local\Programs\Python\Python311\Lib\site-packages\starlette\routing.py", line 762, in __call__
    await self.middleware_stack(scope, receive, send)
  File "C:\Users\loaia\AppData\Local\Programs\Python\Python311\Lib\site-packages\starlette\routing.py", line 782, in app
    await route.handle(scope, receive, send)
  File "C:\Users\loaia\AppData\Local\Programs\Python\Python311\Lib\site-packages\starlette\routing.py", line 297, in handle
    await self.app(scope, receive, send)
  File "C:\Users\loaia\AppData\Local\Programs\Python\Python311\Lib\site-packages\starlette\routing.py", line 77, in app
    await wrap_app_handling_exceptions(app, request)(scope, receive, send)
  File "C:\Users\loaia\AppData\Local\Programs\Python\Python311\Lib\site-packages\starlette\_exception_handler.py", line 64, in wrapped_app
    raise exc
  File "C:\Users\loaia\AppData\Local\Programs\Python\Python311\Lib\site-packages\starlette\_exception_handler.py", line 53, in wrapped_app
    await app(scope, receive, sender)
  File "C:\Users\loaia\AppData\Local\Programs\Python\Python311\Lib\site-packages\starlette\routing.py", line 72, in app
    response = await func(request)
               ^^^^^^^^^^^^^^^^^^^
  File "C:\Users\loaia\AppData\Local\Programs\Python\Python311\Lib\site-packages\fastapi\routing.py", line 299, in app
    raise e
  File "C:\Users\loaia\AppData\Local\Programs\Python\Python311\Lib\site-packages\fastapi\routing.py", line 294, in app
    raw_response = await run_endpoint_function(
                   ^^^^^^^^^^^^^^^^^^^^^^^^^^^^
  File "C:\Users\loaia\AppData\Local\Programs\Python\Python311\Lib\site-packages\fastapi\routing.py", line 191, in run_endpoint_function
    return await dependant.call(**values)
           ^^^^^^^^^^^^^^^^^^^^^^^^^^^^^^
  File "C:\Users\loaia\AppData\Local\Programs\Python\Python311\Lib\site-packages\slowapi\extension.py", line 734, in async_wrapper
    response = await func(*args, **kwargs)  # type: ignore
               ^^^^^^^^^^^^^^^^^^^^^^^^^^^
  File "E:\uaskstudents\backend\app\api.py", line 3203, in ocr_extract
    crop = await crop_service.create_crop(
           ^^^^^^^^^^^^^^^^^^^^^^^^^^^^^^^
  File "E:\uaskstudents\backend\app\services\ocr\crop_service.py", line 19, in create_crop
    img = Image.open(upload.storage_url)
          ^^^^^^^^^^^^^^^^^^^^^^^^^^^^^^
  File "C:\Users\loaia\AppData\Local\Programs\Python\Python311\Lib\site-packages\PIL\Image.py", line 3512, in open
    fp = builtins.open(filename, "rb")
         ^^^^^^^^^^^^^^^^^^^^^^^^^^^^^
FileNotFoundError: [Errno 2] No such file or directory: 'storage/uploads\\68_20260211_030504_cadf4b9c.jpg'
2026-02-10 20:56:22,846 [INFO] api: Incoming: GET /api/v1/wallet/summary
2026-02-10 20:56:22,927 [INFO] api: Response: 200 | 85ms
2026-02-10 20:56:32,857 [INFO] api: Incoming: GET /api/v1/user/profile
2026-02-10 20:56:32,882 [INFO] api: Response: 200 | 25ms
2026-02-10 20:56:32,897 [INFO] api: Incoming: GET /api/v1/users/online
2026-02-10 20:56:32,903 [INFO] api: Response: 200 | 6ms
2026-02-11 04:56:34,413 [INFO] api: Incoming: GET /health
2026-02-11 04:56:34,415 [INFO] api: Response: 200 | 1ms
2026-02-10 20:56:42,862 [INFO] api: Incoming: GET /api/v1/wallet/summary
2026-02-10 20:56:42,886 [INFO] api: Response: 200 | 23ms
2026-02-11 04:56:49,777 [INFO] api: Incoming: GET /health
2026-02-11 04:56:49,780 [INFO] api: Response: 200 | 2ms
2026-02-10 20:57:02,853 [INFO] api: Incoming: GET /api/v1/wallet/summary
2026-02-10 20:57:02,858 [INFO] api: Incoming: GET /api/v1/user/profile
2026-02-10 20:57:02,913 [INFO] api: Response: 200 | 55ms
2026-02-10 20:57:02,927 [INFO] api: Incoming: GET /api/v1/users/online
2026-02-10 20:57:02,931 [INFO] api: Response: 200 | 77ms
2026-02-10 20:57:02,931 [INFO] api: Response: 200 | 6ms
2026-02-11 04:57:05,143 [INFO] api: Incoming: GET /health
2026-02-11 04:57:05,146 [INFO] api: Response: 200 | 2ms
2026-02-11 04:57:20,486 [INFO] api: Incoming: GET /health
2026-02-11 04:57:20,489 [INFO] api: Response: 200 | 2ms
2026-02-10 20:57:22,854 [INFO] api: Incoming: GET /api/v1/wallet/summary
2026-02-10 20:57:22,877 [INFO] api: Response: 200 | 28ms
2026-02-10 20:57:28,477 [INFO] api: Incoming: GET /api/v1/wallet/summary
2026-02-10 20:57:28,520 [INFO] api: Response: 200 | 37ms
2026-02-10 20:57:32,849 [INFO] api: Incoming: GET /api/v1/user/profile
2026-02-10 20:57:32,863 [INFO] api: Response: 200 | 14ms
2026-02-10 20:57:32,878 [INFO] api: Incoming: GET /api/v1/users/online
2026-02-10 20:57:32,890 [INFO] api: Response: 200 | 7ms
2026-02-10 20:57:34,645 [INFO] api: Incoming: GET /api/v1/wallet/summary
2026-02-10 20:57:34,665 [INFO] api: Response: 200 | 22ms
2026-02-11 04:57:35,830 [INFO] api: Incoming: GET /health
2026-02-11 04:57:35,832 [INFO] api: Response: 200 | 1ms
2026-02-10 20:57:37,314 [INFO] api: Incoming: POST /api/v1/ocr/extract
2026-02-10 20:57:37,484 [INFO] billing: [BILLING] {"event_type": "HOLD_CREATED", "user_id": 68, "request_id": "ocr:68:pix2text:949b75559a204747fcf5cb4b4a5321575490bf51212df8cb95a91a2615a3b014:0.00000:0.00000:1.00000:1.00000:rot0:m0:local:local", "attempt_id": "45c36121-1f24-4834-9e87-7e9b643d85dd", "payment_id": null, "invoice_id": null, "delta_credits": "-2", "delta_usd": null, "balance_before_cached": "14043.0000000000", "balance_after_cached": "14041.0000000000", "balance_before_computed": null, "balance_after_computed": null, "success": true, "error_code": null, "error_message": null, "metadata": null, "timestamp": "2026-02-11T04:57:37.484462Z"}
2026-02-10 20:57:37,512 [INFO] app.services.ocr.ocr_service: OCR processing: engine=local, image=C:\Users\loaia\AppData\Local\Temp\tmpuedmpyl5.png
2026-02-10 20:57:37,912 [INFO] app.services.ocr.ocr_service: Initializing Local Pix2Text engine...
2026-02-10 20:57:39,254 [INFO] pix2text.doc_yolo_layout_parser: Use DocLayout-YOLO model for Layout Analysis: C:\Users\loaia\AppData\Roaming\pix2text\1.1\layout-docyolo\doclayout_yolo_docstructbench_imgsz1024.pt
2026-02-10 20:57:39,601 [INFO] cnocr.recognizer: use model: C:\Users\loaia\AppData\Roaming\cnocr\2.3\densenet_lite_136-gru\cnocr-v2.3-densenet_lite_136-gru-epoch=004-ft-model.onnx
2026-02-10 20:57:39,705 [INFO] cnstd.ppocr.rapid_detector: use model: C:\Users\loaia\AppData\Roaming\cnstd\1.2\ppocr\ch_PP-OCRv5_det\ch_PP-OCRv5_det_infer.onnx
2026-02-10 20:57:39,872 [INFO] pix2text.formula_detector: Use model path for MFD: C:\Users\loaia\AppData\Roaming\pix2text\1.1\mfd-1.5-onnx\pix2text-mfd-1.5.onnx
2026-02-10 20:57:39,887 [INFO] pix2text.latex_ocr: Use model dir for LatexOCR: C:\Users\loaia\AppData\Roaming\pix2text\1.1\mfr-1.5-onnx
2026-02-10 20:57:40,881 [INFO] pix2text.latex_ocr: Loaded Pix2Text MFR model mfr-1.5 to: backend-onnx, device-cpu
2026-02-10 20:57:41,562 [INFO] app.services.ocr.ocr_service: Pix2Text initialized successfully
2026-02-10 20:57:45,139 [INFO] root: ocr_attempt request_id=ocr:68:pix2text:949b75559a204747fcf5cb4b4a5321575490bf51212df8cb95a91a2615a3b014:0.00000:0.00000:1.00000:1.00000:rot0:m0:local:local provider=pix2txt model=pix2text-local duration_ms=7628 validation_passed=True fail_reason=None
2026-02-10 20:57:45,182 [INFO] api: Incoming: GET /api/v1/wallet/summary
2026-02-10 20:57:45,182 [INFO] api: Response: 200 | 7867ms
2026-02-10 20:57:45,203 [INFO] api: Response: 200 | 22ms
2026-02-11 04:57:51,231 [INFO] api: Incoming: GET /health
2026-02-11 04:57:51,233 [INFO] api: Response: 200 | 1ms
2026-02-10 20:57:52,316 [INFO] api: Incoming: GET /api/v1/wallet/summary
2026-02-10 20:57:52,342 [INFO] api: Response: 200 | 25ms
2026-02-10 20:58:02,845 [INFO] api: Incoming: GET /api/v1/wallet/summary
2026-02-10 20:58:02,853 [INFO] api: Incoming: GET /api/v1/user/profile
2026-02-10 20:58:02,879 [INFO] api: Response: 200 | 26ms
2026-02-10 20:58:02,895 [INFO] api: Incoming: GET /api/v1/users/online
2026-02-10 20:58:02,905 [INFO] api: Response: 200 | 57ms
2026-02-10 20:58:02,905 [INFO] api: Response: 200 | 11ms
2026-02-10 20:58:05,882 [INFO] api: Incoming: GET /api/v1/wallet/summary
2026-02-10 20:58:05,905 [INFO] api: Response: 200 | 22ms
2026-02-11 04:58:06,668 [INFO] api: Incoming: GET /health
2026-02-11 04:58:06,670 [INFO] api: Response: 200 | 2ms
2026-02-10 20:58:08,792 [INFO] api: Incoming: POST /api/v1/ocr/extract
2026-02-10 20:58:08,920 [INFO] billing: [BILLING] {"event_type": "HOLD_CREATED", "user_id": 68, "request_id": "ocr:68:pix2text:05a694a779e27045317bc3f7db16764575b342ea654a7fa7a61a94b0982308e2:0.00000:0.00000:1.00000:1.00000:rot0:m0:local:local", "attempt_id": "4623924a-7caa-4b53-896c-9ffd12b6f7ff", "payment_id": null, "invoice_id": null, "delta_credits": "-2", "delta_usd": null, "balance_before_cached": "14041.0000000000", "balance_after_cached": "14039.0000000000", "balance_before_computed": null, "balance_after_computed": null, "success": true, "error_code": null, "error_message": null, "metadata": null, "timestamp": "2026-02-11T04:58:08.920758Z"}
2026-02-10 20:58:08,945 [INFO] app.services.ocr.ocr_service: OCR processing: engine=local, image=C:\Users\loaia\AppData\Local\Temp\tmp_z13xms3.png
2026-02-10 20:58:13,832 [INFO] root: ocr_attempt request_id=ocr:68:pix2text:05a694a779e27045317bc3f7db16764575b342ea654a7fa7a61a94b0982308e2:0.00000:0.00000:1.00000:1.00000:rot0:m0:local:local provider=pix2txt model=pix2text-local duration_ms=4886 validation_passed=True fail_reason=None
2026-02-10 20:58:13,853 [INFO] api: Response: 200 | 5062ms
2026-02-11 04:58:22,080 [INFO] api: Incoming: GET /health
2026-02-11 04:58:22,082 [INFO] api: Response: 200 | 2ms
2026-02-10 20:58:22,845 [INFO] api: Incoming: GET /api/v1/wallet/summary
2026-02-10 20:58:22,877 [INFO] api: Response: 200 | 33ms
2026-02-10 20:58:32,865 [INFO] api: Incoming: GET /api/v1/user/profile
2026-02-10 20:58:32,886 [INFO] api: Response: 200 | 22ms
2026-02-10 20:58:32,903 [INFO] api: Incoming: GET /api/v1/users/online
2026-02-10 20:58:32,912 [INFO] api: Response: 200 | 10ms
2026-02-11 04:58:37,487 [INFO] api: Incoming: GET /health
2026-02-11 04:58:37,490 [INFO] api: Response: 200 | 2ms
2026-02-10 20:58:42,850 [INFO] api: Incoming: GET /api/v1/wallet/summary
2026-02-10 20:58:42,888 [INFO] api: Response: 200 | 39ms
2026-02-11 04:58:52,926 [INFO] api: Incoming: GET /health
2026-02-11 04:58:52,931 [INFO] api: Response: 200 | 5ms
2026-02-10 20:59:02,847 [INFO] api: Incoming: GET /api/v1/wallet/summary
2026-02-10 20:59:02,853 [INFO] api: Incoming: GET /api/v1/user/profile
2026-02-10 20:59:02,871 [INFO] api: Response: 200 | 18ms
2026-02-10 20:59:02,888 [INFO] api: Response: 200 | 42ms
2026-02-10 20:59:02,892 [INFO] api: Incoming: GET /api/v1/users/online
2026-02-10 20:59:02,901 [INFO] api: Response: 200 | 8ms
2026-02-11 04:59:08,294 [INFO] api: Incoming: GET /health
2026-02-11 04:59:08,296 [INFO] api: Response: 200 | 1ms
2026-02-10 20:59:14,187 [INFO] api: Incoming: POST /api/v1/credits/estimate
2026-02-10 20:59:14,203 [INFO] api: Response: 200 | 15ms
2026-02-10 20:59:14,661 [INFO] api: Incoming: POST /api/v1/credits/estimate
2026-02-10 20:59:14,678 [INFO] api: Response: 200 | 16ms
2026-02-10 20:59:15,093 [INFO] api: Incoming: POST /api/v1/credits/estimate
2026-02-10 20:59:15,102 [INFO] api: Response: 200 | 13ms
2026-02-10 20:59:17,952 [INFO] api: Incoming: GET /api/v1/wallet/summary
2026-02-10 20:59:17,955 [INFO] api: Incoming: GET /api/v1/wallet/ledger
2026-02-10 20:59:17,955 [INFO] api: Incoming: GET /api/v1/wallet/programs
2026-02-10 20:59:17,964 [INFO] api: Incoming: GET /api/v1/history
2026-02-10 20:59:18,078 [INFO] api: Response: 200 | 115ms
2026-02-10 20:59:18,086 [INFO] api: Response: 200 | 135ms
2026-02-10 20:59:18,092 [INFO] api: Incoming: GET /api/v1/wallet/summary
2026-02-10 20:59:18,098 [INFO] api: Response: 200 | 141ms
2026-02-10 20:59:18,099 [INFO] api: Response: 200 | 140ms
2026-02-10 20:59:18,103 [INFO] api: Incoming: GET /api/v1/history
2026-02-10 20:59:18,105 [INFO] api: Incoming: GET /api/v1/user/token-usage
2026-02-10 20:59:18,105 [INFO] api: Incoming: GET /api/v1/wallet/programs
2026-02-10 20:59:18,107 [INFO] api: Incoming: GET /api/v1/wallet/ledger
2026-02-10 20:59:18,193 [INFO] api: Response: 200 | 89ms
2026-02-10 20:59:18,195 [INFO] api: Response: 200 | 91ms
2026-02-10 20:59:18,202 [INFO] api: Response: 200 | 108ms
2026-02-10 20:59:18,207 [INFO] api: Incoming: GET /api/v1/wallet/summary
2026-02-10 20:59:18,214 [INFO] api: Response: 200 | 106ms
2026-02-10 20:59:18,228 [INFO] api: Incoming: GET /api/v1/user/profile
2026-02-10 20:59:18,228 [INFO] api: Incoming: GET /api/v1/user/token-usage
2026-02-10 20:59:18,251 [INFO] api: Response: 200 | 23ms
2026-02-10 20:59:18,253 [INFO] api: Response: 200 | 146ms
2026-02-10 20:59:18,253 [INFO] api: Response: 200 | 25ms
2026-02-10 20:59:18,256 [INFO] api: Response: 200 | 49ms
2026-02-10 20:59:18,256 [INFO] api: Incoming: GET /api/v1/wallet/summary
2026-02-10 20:59:18,289 [INFO] api: Response: 200 | 29ms
2026-02-10 20:59:18,292 [INFO] api: Incoming: GET /api/v1/user/profile
2026-02-10 20:59:18,308 [INFO] api: Response: 200 | 15ms
2026-02-10 20:59:22,022 [INFO] api: Incoming: GET /api/v1/wallet/summary
2026-02-10 20:59:22,024 [INFO] api: Incoming: GET /api/v1/wallet/ledger
2026-02-10 20:59:22,025 [INFO] api: Incoming: GET /api/v1/wallet/programs
2026-02-10 20:59:22,029 [INFO] api: Incoming: GET /api/v1/history
2026-02-10 20:59:22,117 [INFO] api: Response: 200 | 89ms
2026-02-10 20:59:22,124 [INFO] api: Response: 200 | 100ms
2026-02-10 20:59:22,127 [INFO] api: Response: 200 | 104ms
2026-02-10 20:59:22,132 [INFO] api: Incoming: GET /api/v1/user/token-usage
2026-02-10 20:59:22,138 [INFO] api: Response: 200 | 116ms
2026-02-10 20:59:22,140 [INFO] api: Response: 200 | 9ms
2026-02-10 20:59:22,142 [INFO] api: Incoming: GET /api/v1/wallet/summary
2026-02-10 20:59:22,172 [INFO] api: Response: 200 | 29ms
2026-02-10 20:59:22,177 [INFO] api: Incoming: GET /api/v1/user/profile
2026-02-10 20:59:22,193 [INFO] api: Response: 200 | 17ms
2026-02-11 04:59:23,631 [INFO] api: Incoming: GET /health
2026-02-11 04:59:23,634 [INFO] api: Response: 200 | 2ms
2026-02-11 04:59:39,007 [INFO] api: Incoming: GET /health
2026-02-11 04:59:39,016 [INFO] api: Response: 200 | 8ms
2026-02-10 20:59:45,842 [INFO] api: Incoming: OPTIONS /api/v1/admin/stats/dashboard
2026-02-10 20:59:45,842 [INFO] api: Response: 200 | 1ms
2026-02-10 20:59:45,847 [INFO] api: Incoming: OPTIONS /api/v1/admin/stats/model-routing
2026-02-10 20:59:45,850 [INFO] api: Incoming: OPTIONS /api/v1/admin/solve-traces
2026-02-10 20:59:45,850 [INFO] api: Response: 200 | 2ms
2026-02-10 20:59:45,853 [INFO] api: Incoming: OPTIONS /api/v1/admin/analytics/overview
2026-02-10 20:59:45,854 [INFO] api: Response: 200 | 5ms
2026-02-10 20:59:45,854 [INFO] api: Incoming: OPTIONS /api/v1/admin/analytics/errors
2026-02-10 20:59:45,856 [INFO] api: Incoming: OPTIONS /api/v1/admin/analytics/anomalies
2026-02-10 20:59:45,859 [INFO] api: Response: 200 | 6ms
2026-02-10 20:59:45,861 [INFO] api: Incoming: OPTIONS /api/v1/admin/stats/model-routing
2026-02-10 20:59:45,861 [INFO] api: Incoming: GET /api/v1/admin/stats/dashboard
2026-02-10 20:59:45,863 [INFO] api: Response: 200 | 7ms
2026-02-10 20:59:45,867 [INFO] api: Response: 200 | 8ms
2026-02-10 20:59:45,868 [INFO] api: Incoming: OPTIONS /api/v1/admin/solve-traces
2026-02-10 20:59:45,871 [INFO] api: Response: 200 | 9ms
2026-02-10 20:59:45,874 [INFO] api: Incoming: OPTIONS /api/v1/admin/analytics/overview
2026-02-10 20:59:45,876 [INFO] api: Response: 200 | 7ms
2026-02-10 20:59:45,877 [INFO] api: Incoming: OPTIONS /api/v1/admin/analytics/errors
2026-02-10 20:59:45,878 [INFO] api: Incoming: OPTIONS /api/v1/admin/analytics/anomalies
2026-02-10 20:59:45,878 [INFO] api: Response: 200 | 5ms
2026-02-10 20:59:45,881 [INFO] api: Incoming: OPTIONS /api/v1/config/token-policy
2026-02-10 20:59:45,881 [INFO] api: Response: 200 | 6ms
2026-02-10 20:59:45,885 [INFO] api: Response: 200 | 7ms
2026-02-10 20:59:45,885 [INFO] api: Incoming: OPTIONS /api/v1/admin/system-config
2026-02-10 20:59:45,889 [INFO] api: Response: 200 | 6ms
2026-02-10 20:59:46,955 [ERROR] root: OpenAI usage fetch failed: 400 Client Error: Bad Request for url: https://api.openai.com/v1/usage?start_date=2026-02-11&end_date=2026-02-11
2026-02-10 20:59:47,877 [ERROR] root: OpenAI usage fetch failed: 400 Client Error: Bad Request for url: https://api.openai.com/v1/usage?start_date=2026-02-01&end_date=2026-02-11
2026-02-10 20:59:47,896 [INFO] api: Incoming: OPTIONS /api/v1/config/token-policy
2026-02-10 20:59:47,898 [INFO] api: Response: 200 | 2011ms
2026-02-10 20:59:47,898 [INFO] api: Incoming: OPTIONS /api/v1/admin/system-config
2026-02-10 20:59:47,901 [INFO] api: Incoming: GET /api/v1/admin/stats/model-routing
2026-02-10 20:59:47,902 [INFO] api: Response: 200 | 5ms
2026-02-10 20:59:47,903 [INFO] api: Incoming: GET /api/v1/admin/solve-traces
2026-02-10 20:59:47,905 [INFO] api: Response: 200 | 6ms
2026-02-10 20:59:47,908 [INFO] api: Incoming: GET /api/v1/admin/analytics/overview
2026-02-10 20:59:47,908 [INFO] api: Response: 200 | 2047ms
2026-02-10 20:59:47,914 [INFO] api: Incoming: GET /api/v1/admin/analytics/errors
2026-02-10 20:59:47,916 [INFO] api: Incoming: GET /api/v1/admin/analytics/anomalies
2026-02-10 20:59:47,921 [INFO] api: Incoming: GET /api/v1/config/token-policy
2026-02-10 20:59:47,977 [INFO] api: Response: 200 | 78ms
2026-02-10 20:59:47,982 [INFO] api: Response: 200 | 78ms
2026-02-10 20:59:47,998 [INFO] api: Response: 200 | 76ms
2026-02-10 20:59:47,999 [INFO] api: Response: 200 | 91ms
2026-02-10 20:59:48,001 [INFO] api: Incoming: GET /api/v1/admin/system-config
2026-02-10 20:59:48,001 [INFO] api: Response: 200 | 88ms
2026-02-10 20:59:48,005 [INFO] api: Response: 200 | 90ms
2026-02-10 20:59:48,014 [INFO] api: Response: 200 | 15ms
2026-02-11 04:59:54,434 [INFO] api: Incoming: GET /health
2026-02-11 04:59:54,460 [INFO] api: Response: 200 | 25ms
2026-02-10 20:59:58,098 [INFO] api: Incoming: OPTIONS /api/v1/admin/users
2026-02-10 20:59:58,099 [INFO] api: Response: 200 | 0ms
2026-02-10 20:59:58,103 [INFO] api: Incoming: OPTIONS /api/v1/admin/plans
2026-02-10 20:59:58,105 [INFO] api: Incoming: OPTIONS /api/v1/admin/users
2026-02-10 20:59:58,105 [INFO] api: Incoming: OPTIONS /api/v1/admin/plans
2026-02-10 20:59:58,105 [INFO] api: Response: 200 | 3ms
2026-02-10 20:59:58,109 [INFO] api: Response: 200 | 3ms
2026-02-10 20:59:58,110 [INFO] api: Response: 200 | 4ms
2026-02-10 20:59:58,112 [INFO] api: Incoming: GET /api/v1/admin/users
2026-02-10 20:59:58,117 [INFO] api: Incoming: GET /api/v1/admin/plans
2026-02-10 20:59:58,173 [INFO] api: Response: 200 | 58ms
2026-02-10 20:59:58,173 [INFO] api: Response: 200 | 61ms
2026-02-10 21:00:05,832 [INFO] api: Incoming: OPTIONS /api/v1/admin/users/77
2026-02-10 21:00:05,832 [INFO] api: Response: 200 | 1ms
2026-02-10 21:00:05,837 [INFO] api: Incoming: OPTIONS /api/v1/admin/users/77/full
2026-02-10 21:00:05,838 [INFO] api: Incoming: OPTIONS /api/v1/admin/users/77/activity
2026-02-10 21:00:05,839 [INFO] api: Incoming: OPTIONS /api/v1/admin/users/77/question-history
2026-02-10 21:00:05,841 [INFO] api: Incoming: OPTIONS /api/v1/admin/users/77
2026-02-10 21:00:05,842 [INFO] api: Incoming: OPTIONS /api/v1/admin/users/77/full
2026-02-10 21:00:05,842 [INFO] api: Response: 200 | 5ms
2026-02-10 21:00:05,843 [INFO] api: Response: 200 | 4ms
2026-02-10 21:00:05,843 [INFO] api: Incoming: OPTIONS /api/v1/admin/users/77/activity
2026-02-10 21:00:05,846 [INFO] api: Response: 200 | 6ms
2026-02-10 21:00:05,850 [INFO] api: Response: 200 | 9ms
2026-02-10 21:00:05,851 [INFO] api: Response: 200 | 9ms
2026-02-10 21:00:05,854 [INFO] api: Response: 200 | 9ms
2026-02-10 21:00:05,856 [INFO] api: Incoming: OPTIONS /api/v1/admin/users/77/question-history
2026-02-10 21:00:05,857 [INFO] api: Incoming: GET /api/v1/admin/users/77
2026-02-10 21:00:05,860 [INFO] api: Incoming: GET /api/v1/admin/users/77/full
2026-02-10 21:00:05,860 [INFO] api: Incoming: GET /api/v1/admin/users/77/activity
2026-02-10 21:00:05,862 [INFO] api: Response: 200 | 4ms
2026-02-10 21:00:05,867 [INFO] api: Incoming: GET /api/v1/admin/users/77/question-history
2026-02-10 21:00:06,028 [INFO] api: Response: 200 | 161ms
2026-02-10 21:00:06,029 [INFO] api: Response: 200 | 171ms
2026-02-10 21:00:06,030 [INFO] api: Response: 200 | 169ms
2026-02-10 21:00:06,030 [INFO] api: Response: 200 | 169ms
2026-02-10 21:00:06,092 [INFO] api: Incoming: GET /api/v1/admin/users/77
2026-02-10 21:00:06,093 [INFO] api: Incoming: GET /api/v1/admin/users/77/activity
2026-02-10 21:00:06,093 [INFO] api: Incoming: GET /api/v1/admin/users/77/full
2026-02-10 21:00:06,097 [INFO] api: Incoming: GET /api/v1/admin/users/77/question-history
2026-02-10 21:00:06,194 [INFO] api: Response: 200 | 99ms
2026-02-10 21:00:06,196 [INFO] api: Response: 200 | 101ms
2026-02-10 21:00:06,197 [INFO] api: Response: 200 | 99ms
2026-02-10 21:00:06,197 [INFO] api: Response: 200 | 104ms
2026-02-11 05:00:09,848 [INFO] api: Incoming: GET /health
2026-02-11 05:00:09,851 [INFO] api: Response: 200 | 3ms
2026-02-11 05:00:25,217 [INFO] api: Incoming: GET /health
2026-02-11 05:00:25,227 [INFO] api: Response: 200 | 9ms
2026-02-11 05:00:40,804 [INFO] api: Incoming: GET /health
2026-02-11 05:00:40,811 [INFO] api: Response: 200 | 7ms
2026-02-10 21:00:48,293 [INFO] api: Incoming: GET /api/v1/admin/users/77
2026-02-10 21:00:48,298 [INFO] api: Incoming: GET /api/v1/admin/users/77/activity
2026-02-10 21:00:48,300 [INFO] api: Incoming: GET /api/v1/admin/users/77/full
2026-02-10 21:00:48,305 [INFO] api: Incoming: GET /api/v1/admin/users/77/question-history
2026-02-10 21:00:48,415 [INFO] api: Response: 200 | 119ms
2026-02-10 21:00:48,415 [INFO] api: Response: 200 | 114ms
2026-02-10 21:00:48,418 [INFO] api: Response: 200 | 120ms
2026-02-10 21:00:48,420 [INFO] api: Response: 200 | 115ms
2026-02-10 21:00:49,062 [INFO] api: Incoming: GET /api/v1/admin/users/77
2026-02-10 21:00:49,062 [INFO] api: Incoming: GET /api/v1/admin/users/77/activity
2026-02-10 21:00:49,062 [INFO] api: Incoming: GET /api/v1/admin/users/77/full
2026-02-10 21:00:49,068 [INFO] api: Incoming: GET /api/v1/admin/users/77/question-history
2026-02-10 21:00:49,142 [INFO] api: Response: 200 | 79ms
2026-02-10 21:00:49,142 [INFO] api: Response: 200 | 77ms
2026-02-10 21:00:49,142 [INFO] api: Response: 200 | 75ms
2026-02-10 21:00:49,145 [INFO] api: Response: 200 | 80ms
2026-02-10 21:00:53,638 [INFO] api: Incoming: GET /api/v1/admin/users/77
2026-02-10 21:00:53,638 [INFO] api: Incoming: GET /api/v1/admin/users/77/activity
2026-02-10 21:00:53,641 [INFO] api: Incoming: GET /api/v1/admin/users/77/full
2026-02-10 21:00:53,642 [INFO] api: Incoming: GET /api/v1/admin/users/77/question-history
2026-02-10 21:00:53,740 [INFO] api: Response: 200 | 100ms
2026-02-10 21:00:53,744 [INFO] api: Response: 200 | 105ms
2026-02-10 21:00:53,745 [INFO] api: Response: 200 | 104ms
2026-02-10 21:00:53,747 [INFO] api: Response: 200 | 103ms
2026-02-10 21:00:54,599 [INFO] api: Incoming: GET /api/v1/admin/users/77
2026-02-10 21:00:54,601 [INFO] api: Incoming: GET /api/v1/admin/users/77/activity
2026-02-10 21:00:54,604 [INFO] api: Incoming: GET /api/v1/admin/users/77/full
2026-02-10 21:00:54,604 [INFO] api: Incoming: GET /api/v1/admin/users/77/question-history
2026-02-10 21:00:54,685 [INFO] api: Response: 200 | 85ms
2026-02-10 21:00:54,685 [INFO] api: Response: 200 | 84ms
2026-02-10 21:00:54,704 [INFO] api: Response: 200 | 106ms
2026-02-10 21:00:54,713 [INFO] api: Response: 200 | 109ms
2026-02-10 21:00:55,163 [INFO] api: Incoming: GET /api/v1/admin/users/77
2026-02-10 21:00:55,165 [INFO] api: Incoming: GET /api/v1/admin/users/77/activity
2026-02-10 21:00:55,165 [INFO] api: Incoming: GET /api/v1/admin/users/77/full
2026-02-10 21:00:55,165 [INFO] api: Incoming: GET /api/v1/admin/users/77/question-history
2026-02-10 21:00:55,251 [INFO] api: Response: 200 | 84ms
2026-02-10 21:00:55,253 [INFO] api: Response: 200 | 87ms
2026-02-10 21:00:55,253 [INFO] api: Response: 200 | 89ms
2026-02-10 21:00:55,253 [INFO] api: Response: 200 | 92ms
2026-02-10 21:00:56,145 [INFO] api: Incoming: GET /api/v1/admin/users/77
2026-02-10 21:00:56,147 [INFO] api: Incoming: GET /api/v1/admin/users/77/activity
2026-02-10 21:00:56,149 [INFO] api: Incoming: GET /api/v1/admin/users/77/full
2026-02-10 21:00:56,150 [INFO] api: Incoming: GET /api/v1/admin/users/77/question-history
2026-02-11 05:00:56,204 [INFO] api: Incoming: GET /health
2026-02-11 05:00:56,205 [INFO] api: Response: 200 | 1ms
2026-02-10 21:00:56,230 [INFO] api: Response: 200 | 85ms
2026-02-10 21:00:56,236 [INFO] api: Response: 200 | 89ms
2026-02-10 21:00:56,237 [INFO] api: Response: 200 | 87ms
2026-02-10 21:00:56,238 [INFO] api: Response: 200 | 91ms
2026-02-10 21:01:00,213 [INFO] api: Incoming: OPTIONS /api/admin/billing/users/77/wallet_summary
2026-02-10 21:01:00,215 [INFO] api: Incoming: OPTIONS /api/admin/billing/users/77/lots
2026-02-10 21:01:00,215 [INFO] api: Incoming: OPTIONS /api/admin/billing/users/77/ledger
2026-02-10 21:01:00,215 [INFO] api: Incoming: OPTIONS /api/admin/billing/users/77/enrollments
2026-02-10 21:01:00,215 [INFO] api: Response: 200 | 4ms
2026-02-10 21:01:00,220 [INFO] api: Response: 200 | 5ms
2026-02-10 21:01:00,222 [INFO] api: Incoming: OPTIONS /api/admin/billing/holds
2026-02-10 21:01:00,222 [INFO] api: Response: 200 | 7ms
2026-02-10 21:01:00,222 [INFO] api: Response: 200 | 7ms
2026-02-10 21:01:00,222 [INFO] api: Incoming: OPTIONS /api/admin/billing/programs
2026-02-10 21:01:00,230 [INFO] api: Response: 200 | 9ms
2026-02-10 21:01:00,230 [INFO] api: Incoming: GET /api/admin/billing/users/77/wallet_summary
2026-02-10 21:01:00,234 [INFO] api: Response: 200 | 7ms
2026-02-10 21:01:00,236 [INFO] api: Incoming: GET /api/admin/billing/users/77/lots
2026-02-10 21:01:00,239 [INFO] api: Incoming: GET /api/admin/billing/users/77/ledger
2026-02-10 21:01:00,240 [INFO] api: Incoming: GET /api/admin/billing/users/77/enrollments
2026-02-10 21:01:00,243 [INFO] api: Incoming: GET /api/admin/billing/holds
2026-02-10 21:01:00,247 [INFO] api: Incoming: GET /api/admin/billing/programs
2026-02-10 21:01:00,320 [INFO] api: Response: 200 | 81ms
2026-02-10 21:01:00,320 [INFO] api: Response: 422 | Validation Error
2026-02-10 21:01:00,320 [INFO] api: Response: 200 | 90ms
2026-02-10 21:01:00,323 [INFO] api: Response: 200 | 79ms
2026-02-10 21:01:00,323 [INFO] api: Response: 200 | 87ms
2026-02-10 21:01:00,327 [INFO] api: Response: 200 | 90ms
2026-02-11 05:01:11,600 [INFO] api: Incoming: GET /health
2026-02-11 05:01:11,603 [INFO] api: Response: 200 | 3ms
2026-02-10 21:01:21,585 [INFO] api: Incoming: GET /api/admin/billing/users/77/wallet_summary
2026-02-10 21:01:21,586 [INFO] api: Incoming: GET /api/admin/billing/users/77/lots
2026-02-10 21:01:21,589 [INFO] api: Incoming: GET /api/admin/billing/users/77/ledger
2026-02-10 21:01:21,593 [INFO] api: Incoming: GET /api/admin/billing/users/77/enrollments
2026-02-10 21:01:21,600 [INFO] api: Incoming: GET /api/admin/billing/holds
2026-02-10 21:01:21,602 [INFO] api: Incoming: GET /api/admin/billing/programs
2026-02-10 21:01:21,672 [INFO] api: Response: 200 | 84ms
2026-02-10 21:01:21,672 [INFO] api: Response: 200 | 84ms
2026-02-10 21:01:21,673 [INFO] api: Response: 200 | 88ms
2026-02-10 21:01:21,677 [INFO] api: Response: 200 | 84ms
2026-02-10 21:01:21,677 [INFO] api: Response: 200 | 77ms
2026-02-10 21:01:21,682 [INFO] api: Response: 422 | Validation Error
2026-02-10 21:01:24,138 [INFO] api: Incoming: OPTIONS /api/v1/admin/quotas
2026-02-10 21:01:24,140 [INFO] api: Incoming: OPTIONS /api/v1/admin/quotas
2026-02-10 21:01:24,140 [INFO] api: Response: 200 | 1ms
2026-02-10 21:01:24,142 [INFO] api: Response: 200 | 2ms
2026-02-10 21:01:24,147 [INFO] api: Incoming: GET /api/v1/admin/quotas
2026-02-10 21:01:24,201 [INFO] api: Response: 200 | 55ms
2026-02-11 05:01:27,110 [INFO] api: Incoming: GET /health
2026-02-11 05:01:27,113 [INFO] api: Response: 200 | 2ms
2026-02-10 21:01:29,001 [INFO] api: Incoming: GET /api/v1/admin/users/77
2026-02-10 21:01:29,002 [INFO] api: Incoming: GET /api/v1/admin/users/77/activity
2026-02-10 21:01:29,004 [INFO] api: Incoming: GET /api/v1/admin/users/77/full
2026-02-10 21:01:29,004 [INFO] api: Incoming: GET /api/v1/admin/users/77/question-history
2026-02-10 21:01:29,082 [INFO] api: Incoming: GET /api/v1/admin/users/77
2026-02-10 21:01:29,084 [INFO] api: Incoming: GET /api/v1/admin/users/77/activity
2026-02-10 21:01:29,085 [INFO] api: Response: 200 | 85ms
2026-02-10 21:01:29,085 [INFO] api: Response: 200 | 84ms
2026-02-10 21:01:29,088 [INFO] api: Response: 200 | 83ms
2026-02-10 21:01:29,088 [INFO] api: Incoming: GET /api/v1/admin/users/77/full
2026-02-10 21:01:29,091 [INFO] api: Response: 200 | 86ms
2026-02-10 21:01:29,092 [INFO] api: Incoming: GET /api/v1/admin/users/77/question-history
2026-02-10 21:01:29,162 [INFO] api: Response: 200 | 79ms
2026-02-10 21:01:29,163 [INFO] api: Response: 200 | 78ms
2026-02-10 21:01:29,163 [INFO] api: Response: 200 | 74ms
2026-02-10 21:01:29,166 [INFO] api: Response: 200 | 74ms
2026-02-10 21:01:29,273 [INFO] api: Incoming: GET /api/v1/admin/users/77
2026-02-10 21:01:29,273 [INFO] api: Incoming: GET /api/v1/admin/users/77/activity
2026-02-10 21:01:29,277 [INFO] api: Incoming: GET /api/v1/admin/users/77/full
2026-02-10 21:01:29,277 [INFO] api: Incoming: GET /api/v1/admin/users/77/question-history
2026-02-10 21:01:29,343 [INFO] api: Response: 200 | 67ms
2026-02-10 21:01:29,344 [INFO] api: Response: 200 | 70ms
2026-02-10 21:01:29,345 [INFO] api: Response: 200 | 67ms
2026-02-10 21:01:29,345 [INFO] api: Response: 200 | 68ms
2026-02-10 21:01:31,034 [INFO] api: Incoming: GET /api/v1/admin/quotas
2026-02-10 21:01:31,036 [INFO] api: Incoming: GET /api/v1/admin/quotas
2026-02-10 21:01:31,123 [INFO] api: Response: 200 | 89ms
2026-02-10 21:01:31,127 [INFO] api: Response: 200 | 93ms
2026-02-10 21:01:37,784 [INFO] api: Incoming: OPTIONS /api/admin/ocr-configuration
2026-02-10 21:01:37,786 [INFO] api: Response: 200 | 1ms
2026-02-10 21:01:37,787 [INFO] api: Incoming: OPTIONS /api/admin/ocr-configuration
2026-02-10 21:01:37,788 [INFO] api: Response: 200 | 1ms
2026-02-10 21:01:37,792 [INFO] api: Incoming: GET /api/admin/ocr-configuration
2026-02-10 21:01:37,825 [INFO] api: Response: 200 | 33ms
2026-02-10 21:01:37,827 [INFO] api: Incoming: GET /api/admin/ocr-configuration
2026-02-10 21:01:37,853 [INFO] api: Response: 200 | 30ms
2026-02-11 05:01:42,544 [INFO] api: Incoming: GET /health
2026-02-11 05:01:42,546 [INFO] api: Response: 200 | 2ms
2026-02-10 21:01:55,469 [INFO] api: Incoming: OPTIONS /api/admin/ocr-configuration
2026-02-10 21:01:55,469 [INFO] api: Response: 200 | 1ms
2026-02-10 21:01:55,469 [INFO] api: Incoming: PUT /api/admin/ocr-configuration
2026-02-10 21:01:55,566 [INFO] api: Response: 200 | 95ms
2026-02-10 21:01:55,578 [INFO] api: Incoming: GET /api/admin/ocr-configuration
2026-02-10 21:01:55,614 [INFO] api: Response: 200 | 36ms
2026-02-11 05:01:57,955 [INFO] api: Incoming: GET /health
2026-02-11 05:01:57,957 [INFO] api: Response: 200 | 2ms
2026-02-10 21:01:59,804 [INFO] api: Incoming: GET /api/v1/topups/products
2026-02-10 21:01:59,818 [INFO] api: Response: 200 | 13ms
2026-02-10 21:02:01,558 [INFO] api: Incoming: GET /api/v1/wallet/summary
2026-02-10 21:02:01,562 [INFO] api: Incoming: GET /api/v1/wallet/programs
2026-02-10 21:02:01,569 [INFO] api: Incoming: GET /api/v1/config/token-policy
2026-02-10 21:02:01,582 [INFO] api: Incoming: GET /api/v1/config/token-policy
2026-02-10 21:02:01,582 [INFO] api: Incoming: GET /api/v1/history
2026-02-10 21:02:01,584 [INFO] api: Incoming: GET /api/v1/user/profile
2026-02-10 21:02:01,586 [INFO] api: Response: 200 | 14ms
2026-02-10 21:02:01,612 [INFO] api: Response: 200 | 49ms
2026-02-10 21:02:01,617 [INFO] api: Response: 200 | 34ms
2026-02-10 21:02:01,618 [INFO] api: Response: 200 | 36ms
2026-02-10 21:02:01,619 [INFO] api: Response: 200 | 35ms
2026-02-10 21:02:01,619 [INFO] api: Response: 200 | 60ms
2026-02-10 21:02:01,623 [INFO] api: Incoming: GET /api/v1/wallet/programs
2026-02-10 21:02:01,627 [INFO] api: Incoming: GET /api/v1/wallet/summary
2026-02-10 21:02:01,629 [INFO] api: Incoming: POST /api/v1/credits/estimate
2026-02-10 21:02:01,629 [INFO] api: Incoming: GET /api/v1/history
2026-02-10 21:02:01,654 [INFO] api: Incoming: GET /api/v1/user/profile
2026-02-10 21:02:01,654 [INFO] api: Incoming: GET /api/v1/users/online
2026-02-10 21:02:01,658 [INFO] api: Response: 200 | 24ms
2026-02-10 21:02:01,658 [INFO] api: Response: 200 | 27ms
2026-02-10 21:02:01,679 [INFO] api: Response: 200 | 55ms
2026-02-10 21:02:01,679 [INFO] api: Response: 200 | 27ms
2026-02-10 21:02:01,679 [INFO] api: Response: 200 | 25ms
2026-02-10 21:02:01,685 [INFO] api: Response: 200 | 57ms
2026-02-10 21:02:01,688 [INFO] api: Incoming: GET /api/v1/wallet/summary
2026-02-10 21:02:01,700 [INFO] api: Incoming: GET /api/v1/users/online
2026-02-10 21:02:01,709 [INFO] api: Response: 200 | 8ms
2026-02-10 21:02:01,712 [INFO] api: Response: 200 | 24ms
2026-02-10 21:02:01,716 [INFO] api: Incoming: GET /api/v1/wallet/summary
2026-02-10 21:02:01,739 [INFO] api: Response: 200 | 23ms
2026-02-10 21:02:03,264 [INFO] api: Incoming: POST /api/v1/credits/estimate
2026-02-10 21:02:03,275 [INFO] api: Response: 200 | 10ms
2026-02-10 21:02:07,051 [INFO] api: Incoming: GET /api/v1/wallet/summary
2026-02-10 21:02:07,073 [INFO] api: Response: 200 | 22ms
2026-02-11 05:02:13,321 [INFO] api: Incoming: GET /health
2026-02-11 05:02:13,322 [INFO] api: Response: 200 | 1ms
2026-02-10 21:02:21,855 [INFO] api: Incoming: GET /api/v1/wallet/summary
2026-02-10 21:02:21,878 [INFO] api: Response: 200 | 26ms
2026-02-11 05:02:28,650 [INFO] api: Incoming: GET /health
2026-02-11 05:02:28,652 [INFO] api: Response: 200 | 2ms
2026-02-10 21:02:31,866 [INFO] api: Incoming: GET /api/v1/user/profile
2026-02-10 21:02:31,896 [INFO] api: Response: 200 | 29ms
2026-02-10 21:02:31,963 [INFO] api: Incoming: GET /api/v1/users/online
2026-02-10 21:02:31,970 [INFO] api: Response: 200 | 7ms
2026-02-10 21:02:37,289 [INFO] api: Incoming: OPTIONS /api/admin/whatsapp/status
2026-02-10 21:02:37,292 [INFO] api: Response: 200 | 0ms
2026-02-10 21:02:37,297 [INFO] api: Incoming: OPTIONS /api/admin/whatsapp/status
2026-02-10 21:02:37,297 [INFO] api: Incoming: GET /api/admin/whatsapp/status
2026-02-10 21:02:37,300 [INFO] api: Response: 200 | 3ms
2026-02-10 21:02:37,314 [INFO] api: Response: 200 | 14ms
2026-02-10 21:02:37,317 [INFO] api: Incoming: GET /api/admin/whatsapp/status
2026-02-10 21:02:37,327 [INFO] api: Response: 200 | 10ms
2026-02-10 21:02:39,763 [INFO] api: Incoming: OPTIONS /api/admin/whatsapp/initialize
2026-02-10 21:02:39,764 [INFO] api: Response: 200 | 1ms
2026-02-10 21:02:39,766 [INFO] api: Incoming: POST /api/admin/whatsapp/initialize
2026-02-10 21:02:39,797 [INFO] api: Response: 200 | 31ms
2026-02-10 21:02:41,077 [INFO] api: Incoming: POST /api/admin/whatsapp/initialize
2026-02-10 21:02:41,103 [INFO] api: Response: 200 | 24ms
2026-02-10 21:02:41,659 [INFO] api: Incoming: POST /api/admin/whatsapp/initialize
2026-02-10 21:02:41,689 [INFO] api: Response: 200 | 33ms
2026-02-10 21:02:41,845 [INFO] api: Incoming: POST /api/admin/whatsapp/initialize
2026-02-10 21:02:41,872 [INFO] api: Incoming: GET /api/v1/wallet/summary
2026-02-10 21:02:41,877 [INFO] api: Response: 200 | 33ms
2026-02-10 21:02:41,914 [INFO] api: Response: 200 | 43ms
2026-02-10 21:02:42,064 [INFO] api: Incoming: POST /api/admin/whatsapp/initialize
2026-02-10 21:02:42,093 [INFO] api: Response: 200 | 27ms
2026-02-10 21:02:42,292 [INFO] api: Incoming: GET /api/admin/whatsapp/status
2026-02-10 21:02:42,301 [INFO] api: Response: 200 | 9ms
2026-02-10 21:02:43,202 [INFO] api: Incoming: POST /api/admin/whatsapp/initialize
2026-02-10 21:02:43,228 [INFO] api: Response: 200 | 31ms
2026-02-11 05:02:44,018 [INFO] api: Incoming: GET /health
2026-02-11 05:02:44,020 [INFO] api: Response: 200 | 2ms
2026-02-10 21:02:47,291 [INFO] api: Incoming: GET /api/admin/whatsapp/status
2026-02-10 21:02:47,298 [INFO] api: Response: 200 | 7ms
2026-02-10 21:02:52,256 [INFO] api: Incoming: POST /api/admin/whatsapp/initialize
2026-02-10 21:02:52,282 [INFO] api: Response: 200 | 25ms
2026-02-10 21:02:52,295 [INFO] api: Incoming: GET /api/admin/whatsapp/status
2026-02-10 21:02:52,304 [INFO] api: Response: 200 | 10ms
2026-02-10 21:02:53,178 [INFO] api: Incoming: POST /api/admin/whatsapp/initialize
2026-02-10 21:02:53,203 [INFO] api: Response: 200 | 26ms
2026-02-10 21:02:57,860 [INFO] api: Incoming: GET /api/admin/whatsapp/status
2026-02-10 21:02:57,867 [INFO] api: Response: 200 | 8ms
2026-02-11 05:02:59,322 [INFO] api: Incoming: GET /health
2026-02-11 05:02:59,324 [INFO] api: Response: 200 | 1ms
2026-02-10 21:03:01,854 [INFO] api: Incoming: GET /api/v1/wallet/summary
2026-02-10 21:03:01,860 [INFO] api: Incoming: GET /api/v1/user/profile
2026-02-10 21:03:01,874 [INFO] api: Response: 200 | 15ms
2026-02-10 21:03:01,879 [INFO] api: Response: 200 | 26ms
2026-02-10 21:03:01,889 [INFO] api: Incoming: GET /api/v1/users/online
2026-02-10 21:03:01,897 [INFO] api: Response: 200 | 8ms
2026-02-10 21:03:02,860 [INFO] api: Incoming: GET /api/admin/whatsapp/status
2026-02-10 21:03:02,870 [INFO] api: Response: 200 | 10ms
2026-02-10 21:03:07,863 [INFO] api: Incoming: GET /api/admin/whatsapp/status
2026-02-10 21:03:07,878 [INFO] api: Response: 200 | 11ms
2026-02-10 21:03:12,870 [INFO] api: Incoming: GET /api/admin/whatsapp/status
2026-02-10 21:03:12,881 [INFO] api: Response: 200 | 9ms
2026-02-11 05:03:14,738 [INFO] api: Incoming: GET /health
2026-02-11 05:03:14,743 [INFO] api: Response: 200 | 4ms
2026-02-10 21:03:17,853 [INFO] api: Incoming: GET /api/admin/whatsapp/status
2026-02-10 21:03:17,862 [INFO] api: Response: 200 | 11ms
2026-02-10 21:03:21,866 [INFO] api: Incoming: GET /api/v1/wallet/summary
2026-02-10 21:03:21,903 [INFO] api: Response: 200 | 36ms
2026-02-10 21:03:22,832 [INFO] api: Incoming: GET /api/admin/whatsapp/status
2026-02-10 21:03:22,842 [INFO] api: Response: 200 | 11ms
2026-02-10 21:03:27,292 [INFO] api: Incoming: GET /api/admin/whatsapp/status
2026-02-10 21:03:27,303 [INFO] api: Response: 200 | 11ms
2026-02-11 05:03:30,207 [INFO] api: Incoming: GET /health
2026-02-11 05:03:30,209 [INFO] api: Response: 200 | 2ms
2026-02-10 21:03:30,453 [INFO] api: Incoming: POST /api/admin/whatsapp/initialize
2026-02-10 21:03:30,482 [INFO] api: Response: 200 | 31ms
2026-02-10 21:03:31,862 [INFO] api: Incoming: GET /api/v1/user/profile
2026-02-10 21:03:31,885 [INFO] api: Response: 200 | 22ms
2026-02-10 21:03:31,914 [INFO] api: Incoming: GET /api/v1/users/online
2026-02-10 21:03:31,918 [INFO] api: Response: 200 | 10ms
2026-02-10 21:03:32,292 [INFO] api: Incoming: GET /api/admin/whatsapp/status
2026-02-10 21:03:32,303 [INFO] api: Response: 200 | 11ms
2026-02-10 21:03:37,288 [INFO] api: Incoming: GET /api/admin/whatsapp/status
2026-02-10 21:03:37,298 [INFO] api: Response: 200 | 8ms
2026-02-10 21:03:39,098 [INFO] api: Incoming: POST /api/admin/whatsapp/initialize
2026-02-10 21:03:39,122 [INFO] api: Response: 200 | 25ms
2026-02-10 21:03:41,856 [INFO] api: Incoming: GET /api/v1/wallet/summary
2026-02-10 21:03:41,899 [INFO] api: Response: 200 | 42ms
2026-02-10 21:03:42,298 [INFO] api: Incoming: GET /api/admin/whatsapp/status
2026-02-10 21:03:42,316 [INFO] api: Response: 200 | 18ms
2026-02-11 05:03:45,571 [INFO] api: Incoming: GET /health
2026-02-11 05:03:45,574 [INFO] api: Response: 200 | 2ms
2026-02-10 21:03:47,292 [INFO] api: Incoming: GET /api/admin/whatsapp/status
2026-02-10 21:03:47,307 [INFO] api: Response: 200 | 13ms
2026-02-10 21:03:48,308 [INFO] api: Incoming: POST /api/admin/whatsapp/initialize
2026-02-10 21:03:48,342 [INFO] api: Response: 200 | 34ms
2026-02-10 21:03:52,291 [INFO] api: Incoming: GET /api/admin/whatsapp/status
2026-02-10 21:03:52,300 [INFO] api: Response: 200 | 9ms
2026-02-10 21:03:57,249 [INFO] api: Incoming: OPTIONS /api/admin/whatsapp/monitor
2026-02-10 21:03:57,249 [INFO] api: Response: 200 | 1ms
2026-02-10 21:03:57,251 [INFO] api: Incoming: OPTIONS /api/admin/whatsapp/monitor
2026-02-10 21:03:57,254 [INFO] api: Response: 200 | 1ms
2026-02-10 21:03:57,256 [INFO] api: Incoming: GET /api/admin/whatsapp/monitor
2026-02-10 21:03:57,278 [INFO] api: Response: 200 | 22ms
2026-02-10 21:03:57,280 [INFO] api: Incoming: GET /api/admin/whatsapp/monitor
2026-02-10 21:03:57,295 [INFO] api: Response: 200 | 13ms
2026-02-10 21:03:59,785 [INFO] api: Incoming: GET /api/admin/whatsapp/status
2026-02-10 21:03:59,794 [INFO] api: Response: 200 | 8ms
2026-02-10 21:03:59,798 [INFO] api: Incoming: GET /api/admin/whatsapp/status
2026-02-10 21:03:59,806 [INFO] api: Response: 200 | 8ms
2026-02-11 05:04:00,928 [INFO] api: Incoming: GET /health
2026-02-11 05:04:00,930 [INFO] api: Response: 200 | 2ms
2026-02-10 21:04:01,851 [INFO] api: Incoming: GET /api/v1/wallet/summary
2026-02-10 21:04:01,854 [INFO] api: Incoming: GET /api/v1/user/profile
2026-02-10 21:04:01,866 [INFO] api: Response: 200 | 13ms
2026-02-10 21:04:01,872 [INFO] api: Response: 200 | 22ms
2026-02-10 21:04:01,878 [INFO] api: Incoming: GET /api/v1/users/online
2026-02-10 21:04:01,888 [INFO] api: Response: 200 | 7ms
2026-02-10 21:04:04,788 [INFO] api: Incoming: GET /api/admin/whatsapp/status
2026-02-10 21:04:04,803 [INFO] api: Response: 200 | 13ms
2026-02-10 21:04:05,384 [INFO] api: Incoming: POST /api/admin/whatsapp/initialize
2026-02-10 21:04:05,416 [INFO] api: Response: 200 | 32ms
2026-02-10 21:04:09,786 [INFO] api: Incoming: GET /api/admin/whatsapp/status
2026-02-10 21:04:09,799 [INFO] api: Response: 200 | 12ms
2026-02-10 21:04:11,227 [INFO] api: Incoming: POST /api/admin/whatsapp/initialize
2026-02-10 21:04:11,257 [INFO] api: Response: 200 | 30ms
2026-02-10 21:04:14,785 [INFO] api: Incoming: GET /api/admin/whatsapp/status
2026-02-10 21:04:14,809 [INFO] api: Response: 200 | 23ms
2026-02-11 05:04:16,351 [INFO] api: Incoming: GET /health
2026-02-11 05:04:16,353 [INFO] api: Response: 200 | 2ms
2026-02-10 21:04:19,793 [INFO] api: Incoming: GET /api/admin/whatsapp/status
2026-02-10 21:04:19,804 [INFO] api: Response: 200 | 10ms
2026-02-10 21:04:24,786 [INFO] api: Incoming: GET /api/admin/whatsapp/status
2026-02-10 21:04:24,856 [INFO] api: Response: 200 | 66ms
2026-02-10 21:04:24,857 [INFO] api: Incoming: GET /api/v1/wallet/summary
2026-02-10 21:04:24,895 [INFO] api: Response: 200 | 34ms
2026-02-10 21:04:29,786 [INFO] api: Incoming: GET /api/admin/whatsapp/status
2026-02-10 21:04:29,798 [INFO] api: Response: 200 | 12ms
2026-02-10 21:04:30,677 [INFO] api: Incoming: GET /api/admin/whatsapp/monitor
2026-02-10 21:04:30,688 [INFO] api: Response: 200 | 10ms
2026-02-10 21:04:30,692 [INFO] api: Incoming: GET /api/admin/whatsapp/monitor
2026-02-10 21:04:30,702 [INFO] api: Response: 200 | 10ms
2026-02-11 05:04:31,690 [INFO] api: Incoming: GET /health
2026-02-11 05:04:31,692 [INFO] api: Response: 200 | 2ms
2026-02-10 21:04:31,874 [INFO] api: Incoming: GET /api/v1/user/profile
2026-02-10 21:04:31,892 [INFO] api: Response: 200 | 18ms
2026-02-10 21:04:31,986 [INFO] api: Incoming: GET /api/v1/users/online
2026-02-10 21:04:31,992 [INFO] api: Response: 200 | 6ms
2026-02-10 21:04:35,680 [INFO] api: Incoming: GET /api/admin/whatsapp/monitor
2026-02-10 21:04:35,701 [INFO] api: Response: 200 | 18ms
2026-02-10 21:04:35,874 [INFO] api: Incoming: OPTIONS /api/admin/jobs/status
2026-02-10 21:04:35,876 [INFO] api: Incoming: OPTIONS /api/admin/jobs/status
2026-02-10 21:04:35,877 [INFO] api: Response: 200 | 1ms
2026-02-10 21:04:35,879 [INFO] api: Response: 200 | 2ms
2026-02-10 21:04:35,884 [INFO] api: Incoming: GET /api/admin/jobs/status
2026-02-10 21:04:41,227 [INFO] api: Response: 200 | 5346ms
2026-02-10 21:04:41,235 [INFO] api: Incoming: GET /api/admin/jobs/status
2026-02-10 21:04:46,333 [INFO] api: Response: 200 | 5098ms
2026-02-10 21:04:46,336 [INFO] api: Incoming: GET /api/admin/jobs/status
2026-02-11 05:04:47,049 [INFO] api: Incoming: GET /health
2026-02-11 05:04:47,051 [INFO] api: Response: 200 | 2ms
2026-02-10 21:04:51,446 [INFO] api: Response: 200 | 5110ms
2026-02-10 21:04:51,455 [INFO] api: Incoming: GET /api/admin/jobs/status
2026-02-10 21:04:53,227 [INFO] api: Incoming: OPTIONS /api/admin/jobs/run
2026-02-10 21:04:53,227 [INFO] api: Response: 200 | 1ms
2026-02-10 21:04:53,231 [INFO] api: Incoming: POST /api/admin/jobs/run
2026-02-10 21:04:53,353 [INFO] api: Response: 200 | 121ms
2026-02-10 21:04:56,555 [INFO] api: Response: 200 | 5103ms
2026-02-10 21:04:56,565 [INFO] api: Incoming: GET /api/admin/jobs/status
2026-02-10 21:04:59,377 [INFO] api: Incoming: POST /api/admin/jobs/run
2026-02-10 21:04:59,396 [INFO] api: Response: 200 | 17ms
2026-02-10 21:05:01,689 [INFO] api: Response: 200 | 5126ms
2026-02-10 21:05:01,703 [INFO] api: Incoming: GET /api/admin/jobs/status
2026-02-10 21:05:01,854 [INFO] api: Incoming: GET /api/v1/user/profile
2026-02-10 21:05:01,873 [INFO] api: Response: 200 | 20ms
2026-02-10 21:05:01,894 [INFO] api: Incoming: GET /api/v1/users/online
2026-02-10 21:05:01,903 [INFO] api: Response: 200 | 10ms
2026-02-11 05:05:02,448 [INFO] api: Incoming: GET /health
2026-02-11 05:05:02,451 [INFO] api: Response: 200 | 2ms
2026-02-10 21:05:02,928 [INFO] api: Incoming: POST /api/admin/jobs/run
2026-02-10 21:05:02,947 [INFO] api: Response: 200 | 16ms
2026-02-10 21:05:06,820 [INFO] api: Response: 200 | 5115ms
2026-02-10 21:05:06,824 [INFO] api: Incoming: GET /api/admin/jobs/status
2026-02-10 21:05:07,318 [INFO] api: Incoming: OPTIONS /api/admin/jobs/logs
2026-02-10 21:05:07,322 [INFO] api: Response: 200 | 1ms
2026-02-10 21:05:07,324 [INFO] api: Incoming: GET /api/admin/jobs/logs
2026-02-10 21:05:07,339 [INFO] api: Response: 200 | 15ms
2026-02-10 21:05:11,962 [INFO] api: Response: 200 | 5139ms
2026-02-10 21:05:11,966 [INFO] api: Incoming: GET /api/admin/jobs/status
2026-02-10 21:05:16,815 [INFO] api: Incoming: OPTIONS /api/admin/jobs/logs
2026-02-10 21:05:16,815 [INFO] api: Response: 200 | 1ms
2026-02-10 21:05:16,821 [INFO] api: Incoming: GET /api/admin/jobs/logs
2026-02-10 21:05:16,834 [INFO] api: Response: 200 | 13ms
2026-02-10 21:05:17,093 [INFO] api: Response: 200 | 5126ms
2026-02-10 21:05:17,099 [INFO] api: Incoming: GET /api/admin/jobs/status
2026-02-11 05:05:17,807 [INFO] api: Incoming: GET /health
2026-02-11 05:05:17,809 [INFO] api: Response: 200 | 2ms
2026-02-10 21:05:17,851 [INFO] api: Incoming: GET /api/admin/jobs/logs
2026-02-10 21:05:17,864 [INFO] api: Response: 200 | 14ms
2026-02-10 21:05:22,226 [INFO] api: Incoming: OPTIONS /api/admin/jobs/logs
2026-02-10 21:05:22,227 [INFO] api: Response: 200 | 1ms
2026-02-10 21:05:22,231 [INFO] api: Incoming: GET /api/admin/jobs/logs
2026-02-10 21:05:22,248 [INFO] api: Response: 200 | 17ms
2026-02-10 21:05:22,256 [INFO] api: Response: 200 | 5155ms
2026-02-10 21:05:22,259 [INFO] api: Incoming: GET /api/admin/jobs/status
2026-02-10 21:05:22,977 [INFO] api: Incoming: GET /api/admin/jobs/logs
2026-02-10 21:05:22,994 [INFO] api: Response: 200 | 16ms
2026-02-10 21:05:24,172 [INFO] api: Incoming: GET /api/admin/jobs/logs
2026-02-10 21:05:24,184 [INFO] api: Response: 200 | 11ms
2026-02-10 21:05:24,856 [INFO] api: Incoming: GET /api/v1/wallet/summary
2026-02-10 21:05:24,889 [INFO] api: Response: 200 | 35ms
2026-02-10 21:05:25,878 [INFO] api: Incoming: GET /api/admin/jobs/status
2026-02-10 21:05:27,381 [INFO] api: Response: 200 | 5121ms
2026-02-10 21:05:27,386 [INFO] api: Incoming: GET /api/admin/jobs/status
2026-02-10 21:05:31,040 [INFO] api: Response: 200 | 5161ms
2026-02-10 21:05:32,528 [INFO] api: Response: 200 | 5143ms
2026-02-10 21:05:32,532 [INFO] api: Incoming: GET /api/admin/jobs/status
2026-02-11 05:05:33,147 [INFO] api: Incoming: GET /health
2026-02-11 05:05:33,149 [INFO] api: Response: 200 | 1ms
2026-02-10 21:05:37,176 [INFO] api: Incoming: OPTIONS /api/v1/admin/solve-traces
2026-02-10 21:05:37,178 [INFO] api: Response: 200 | 1ms
2026-02-10 21:05:37,180 [INFO] api: Incoming: OPTIONS /api/v1/admin/solve-traces
2026-02-10 21:05:37,181 [INFO] api: Response: 200 | 1ms
2026-02-10 21:05:37,184 [INFO] api: Incoming: GET /api/v1/admin/solve-traces
2026-02-10 21:05:37,191 [INFO] api: Response: 200 | 7ms
2026-02-10 21:05:37,665 [INFO] api: Response: 200 | 5131ms
2026-02-10 21:05:37,695 [INFO] api: Incoming: GET /api/admin/jobs/status
2026-02-10 21:05:42,633 [INFO] api: Incoming: OPTIONS /api/v1/admin/logs/all
2026-02-10 21:05:42,633 [INFO] api: Response: 200 | 1ms
2026-02-10 21:05:42,638 [INFO] api: Incoming: DELETE /api/v1/admin/logs/all
2026-02-10 21:05:42,734 [INFO] api: Response: 200 | 96ms
2026-02-10 21:05:42,799 [INFO] api: Response: 200 | 5104ms
2026-02-10 21:05:42,802 [INFO] api: Incoming: GET /api/admin/jobs/status
2026-02-10 21:05:42,851 [INFO] api: Incoming: GET /api/admin/jobs/status
2026-02-10 21:05:43,799 [INFO] api: Incoming: GET /api/v1/admin/solve-traces
2026-02-10 21:05:43,804 [INFO] api: Incoming: GET /api/v1/admin/solve-traces
2026-02-10 21:05:43,811 [INFO] api: Response: 200 | 12ms
2026-02-10 21:05:43,815 [INFO] api: Response: 200 | 10ms
2026-02-10 21:05:47,699 [INFO] api: Incoming: GET /api/admin/jobs/status
2026-02-10 21:05:47,912 [INFO] api: Response: 200 | 5110ms
2026-02-10 21:05:47,956 [INFO] api: Response: 200 | 5105ms
2026-02-11 05:05:48,480 [INFO] api: Incoming: GET /health
2026-02-11 05:05:48,485 [INFO] api: Response: 200 | 5ms
2026-02-10 21:05:49,927 [INFO] api: Incoming: GET /api/admin/jobs/logs
2026-02-10 21:05:49,945 [INFO] api: Response: 200 | 17ms
2026-02-10 21:05:51,832 [INFO] api: Incoming: GET /api/admin/jobs/logs
2026-02-10 21:05:51,842 [INFO] api: Response: 200 | 11ms
2026-02-10 21:05:52,849 [INFO] api: Response: 200 | 5149ms
2026-02-10 21:05:52,853 [INFO] api: Incoming: GET /api/admin/jobs/status
2026-02-10 21:05:57,978 [INFO] api: Response: 200 | 5126ms
2026-02-10 21:05:57,981 [INFO] api: Incoming: GET /api/admin/jobs/status
2026-02-10 21:05:58,418 [INFO] api: Incoming: OPTIONS /api/admin/config/pricing
2026-02-10 21:05:58,418 [INFO] api: Response: 200 | 1ms
2026-02-10 21:05:58,419 [INFO] api: Incoming: OPTIONS /api/admin/config/pricing
2026-02-10 21:05:58,421 [INFO] api: Response: 200 | 2ms
2026-02-10 21:05:58,428 [INFO] api: Incoming: GET /api/admin/config/pricing
2026-02-10 21:05:58,445 [INFO] api: Response: 200 | 17ms
2026-02-10 21:05:58,448 [INFO] api: Incoming: GET /api/admin/config/pricing
2026-02-10 21:05:58,462 [INFO] api: Response: 200 | 15ms
2026-02-10 21:06:01,078 [INFO] api: Incoming: GET /api/v1/config/token-policy
2026-02-10 21:06:01,089 [INFO] api: Response: 200 | 11ms
2026-02-10 21:06:03,113 [INFO] api: Response: 200 | 5128ms
2026-02-10 21:06:03,114 [INFO] api: Incoming: GET /api/admin/jobs/status
2026-02-11 05:06:03,830 [INFO] api: Incoming: GET /health
2026-02-11 05:06:03,832 [INFO] api: Response: 200 | 2ms
2026-02-10 21:06:04,970 [INFO] api: Incoming: OPTIONS /api/admin/transactions
2026-02-10 21:06:04,973 [INFO] api: Response: 200 | 1ms
2026-02-10 21:06:04,977 [INFO] api: Incoming: GET /api/admin/transactions
2026-02-10 21:06:05,002 [INFO] api: Response: 200 | 24ms
2026-02-10 21:06:08,227 [INFO] api: Response: 200 | 5115ms
2026-02-10 21:06:18,654 [INFO] api: Incoming: OPTIONS /api/admin/config/history/pricing
2026-02-10 21:06:18,654 [INFO] api: Response: 200 | 1ms
2026-02-10 21:06:18,661 [INFO] api: Incoming: GET /api/admin/config/history/pricing
2026-02-10 21:06:18,674 [INFO] api: Response: 200 | 15ms
2026-02-11 05:06:19,401 [INFO] api: Incoming: GET /health
2026-02-11 05:06:19,404 [INFO] api: Response: 200 | 3ms
2026-02-10 21:06:23,605 [INFO] api: Incoming: GET /api/admin/config/history/pricing
2026-02-10 21:06:23,619 [INFO] api: Response: 200 | 12ms
2026-02-10 21:06:24,327 [INFO] api: Incoming: GET /api/admin/transactions
2026-02-10 21:06:24,356 [INFO] api: Response: 200 | 29ms
2026-02-10 21:06:24,849 [INFO] api: Incoming: OPTIONS /api/v1/wallet/summary
2026-02-10 21:06:24,849 [INFO] api: Response: 200 | 2ms
2026-02-10 21:06:24,856 [INFO] api: Incoming: GET /api/v1/wallet/summary
2026-02-10 21:06:24,856 [INFO] api: Incoming: GET /api/v1/user/profile
2026-02-10 21:06:24,877 [INFO] api: Incoming: GET /api/v1/config/token-policy
2026-02-10 21:06:24,886 [INFO] api: Response: 200 | 25ms
2026-02-10 21:06:24,889 [INFO] api: Response: 200 | 13ms
2026-02-10 21:06:24,906 [INFO] api: Incoming: GET /api/v1/users/online
2026-02-10 21:06:24,916 [INFO] api: Response: 200 | 60ms
2026-02-10 21:06:24,918 [INFO] api: Response: 200 | 13ms
2026-02-10 21:06:25,706 [INFO] api: Incoming: GET /api/admin/config/pricing
2026-02-10 21:06:25,724 [INFO] api: Response: 200 | 17ms
2026-02-10 21:06:28,854 [INFO] api: Incoming: OPTIONS /api/admin/billing/programs
2026-02-10 21:06:28,854 [INFO] api: Incoming: OPTIONS /api/admin/billing/programs
2026-02-10 21:06:28,854 [INFO] api: Response: 200 | 1ms
2026-02-10 21:06:28,856 [INFO] api: Response: 200 | 2ms
2026-02-10 21:06:28,861 [INFO] api: Incoming: GET /api/admin/billing/programs
2026-02-10 21:06:28,903 [INFO] api: Response: 200 | 43ms
2026-02-10 21:06:28,907 [INFO] api: Incoming: GET /api/admin/billing/programs
2026-02-10 21:06:28,936 [INFO] api: Response: 200 | 30ms
2026-02-11 05:06:34,810 [INFO] api: Incoming: GET /health
2026-02-11 05:06:34,813 [INFO] api: Response: 200 | 2ms
2026-02-10 21:06:45,033 [INFO] api: Incoming: OPTIONS /api/admin/billing/programs/enrollments/all
2026-02-10 21:06:45,034 [INFO] api: Incoming: OPTIONS /api/admin/billing/programs
2026-02-10 21:06:45,036 [INFO] api: Incoming: OPTIONS /api/admin/billing/programs/enrollments/all
2026-02-10 21:06:45,037 [INFO] api: Response: 200 | 3ms
2026-02-10 21:06:45,039 [INFO] api: Response: 200 | 3ms
2026-02-10 21:06:45,039 [INFO] api: Response: 200 | 3ms
2026-02-10 21:06:45,039 [INFO] api: Incoming: OPTIONS /api/admin/billing/programs
2026-02-10 21:06:45,042 [INFO] api: Response: 200 | 4ms
2026-02-10 21:06:45,046 [INFO] api: Incoming: GET /api/admin/billing/programs/enrollments/all
2026-02-10 21:06:45,050 [INFO] api: Incoming: GET /api/admin/billing/programs
2026-02-10 21:06:45,098 [INFO] api: Response: 200 | 47ms
2026-02-10 21:06:45,098 [INFO] api: Response: 200 | 52ms
2026-02-10 21:06:45,105 [INFO] api: Incoming: GET /api/admin/billing/programs
2026-02-10 21:06:45,108 [INFO] api: Incoming: GET /api/admin/billing/programs/enrollments/all
2026-02-10 21:06:45,146 [INFO] api: Response: 200 | 38ms
2026-02-10 21:06:45,147 [INFO] api: Response: 200 | 42ms
2026-02-11 05:06:50,206 [INFO] api: Incoming: GET /health
2026-02-11 05:06:50,210 [INFO] api: Response: 200 | 3ms
2026-02-10 21:06:56,229 [INFO] api: Incoming: OPTIONS /api/admin/billing/pricing
2026-02-10 21:06:56,230 [INFO] api: Incoming: OPTIONS /api/admin/billing/pricing
2026-02-10 21:06:56,230 [INFO] api: Response: 200 | 1ms
2026-02-10 21:06:56,232 [INFO] api: Response: 200 | 1ms
2026-02-10 21:06:56,234 [INFO] api: Incoming: GET /api/admin/billing/pricing
2026-02-10 21:06:56,256 [INFO] api: Response: 200 | 21ms
2026-02-10 21:06:56,260 [INFO] api: Incoming: GET /api/admin/billing/pricing
2026-02-10 21:06:56,271 [INFO] api: Response: 200 | 13ms
2026-02-11 05:07:05,665 [INFO] api: Incoming: GET /health
2026-02-11 05:07:05,668 [INFO] api: Response: 200 | 2ms
2026-02-11 05:07:21,147 [INFO] api: Incoming: GET /health
2026-02-11 05:07:21,149 [INFO] api: Response: 200 | 2ms
2026-02-10 21:07:24,310 [INFO] api: Incoming: OPTIONS /api/admin/billing/packs
2026-02-10 21:07:24,312 [INFO] api: Response: 200 | 0ms
2026-02-10 21:07:24,314 [INFO] api: Incoming: OPTIONS /api/admin/billing/packs
2026-02-10 21:07:24,315 [INFO] api: Incoming: GET /api/admin/billing/packs
2026-02-10 21:07:24,317 [INFO] api: Response: 200 | 3ms
2026-02-10 21:07:24,336 [INFO] api: Response: 200 | 20ms
2026-02-10 21:07:24,340 [INFO] api: Incoming: GET /api/admin/billing/packs
2026-02-10 21:07:24,353 [INFO] api: Response: 200 | 15ms
2026-02-10 21:07:24,867 [INFO] api: Incoming: GET /api/v1/wallet/summary
2026-02-10 21:07:24,872 [INFO] api: Incoming: GET /api/v1/user/profile
2026-02-10 21:07:24,892 [INFO] api: Response: 200 | 21ms
2026-02-10 21:07:24,913 [INFO] api: Response: 200 | 46ms
2026-02-10 21:07:24,925 [INFO] api: Incoming: GET /api/v1/users/online
2026-02-10 21:07:24,935 [INFO] api: Response: 200 | 9ms
2026-02-10 21:07:29,406 [INFO] api: Incoming: OPTIONS /api/admin/promo-codes
2026-02-10 21:07:29,406 [INFO] api: Response: 200 | 0ms
2026-02-10 21:07:29,409 [INFO] api: Incoming: OPTIONS /api/admin/promo-codes
2026-02-10 21:07:29,410 [INFO] api: Incoming: GET /api/admin/promo-codes
2026-02-10 21:07:29,412 [INFO] api: Response: 200 | 2ms
2026-02-10 21:07:29,431 [INFO] api: Response: 200 | 20ms
2026-02-10 21:07:29,435 [INFO] api: Incoming: GET /api/admin/promo-codes
2026-02-10 21:07:29,447 [INFO] api: Response: 200 | 12ms
2026-02-11 05:07:36,482 [INFO] api: Incoming: GET /health
2026-02-11 05:07:36,484 [INFO] api: Response: 200 | 1ms
2026-02-11 05:07:51,857 [INFO] api: Incoming: GET /health
2026-02-11 05:07:51,860 [INFO] api: Response: 200 | 3ms
2026-02-10 21:07:55,069 [INFO] api: Incoming: OPTIONS /api/admin/promo-codes
2026-02-10 21:07:55,069 [INFO] api: Response: 200 | 1ms
2026-02-10 21:07:55,073 [INFO] api: Incoming: POST /api/admin/promo-codes
2026-02-10 21:07:55,113 [INFO] api: Response: 200 | 39ms
2026-02-10 21:07:55,113 [INFO] api: Incoming: GET /api/admin/promo-codes
2026-02-10 21:07:55,139 [INFO] api: Response: 200 | 18ms
2026-02-11 05:08:07,219 [INFO] api: Incoming: GET /health
2026-02-11 05:08:07,227 [INFO] api: Response: 200 | 7ms
2026-02-10 21:08:09,660 [INFO] api: Incoming: OPTIONS /api/admin/promo-codes/1
2026-02-10 21:08:09,661 [INFO] api: Response: 200 | 1ms
2026-02-10 21:08:09,664 [INFO] api: Incoming: PUT /api/admin/promo-codes/1
2026-02-10 21:08:09,697 [INFO] api: Response: 200 | 32ms
2026-02-10 21:08:09,705 [INFO] api: Incoming: GET /api/admin/promo-codes
2026-02-10 21:08:09,718 [INFO] api: Response: 200 | 13ms
2026-02-10 21:08:13,592 [INFO] api: Incoming: GET /api/v1/wallet/summary
2026-02-10 21:08:13,597 [INFO] api: Incoming: GET /api/v1/user/profile
2026-02-10 21:08:13,613 [INFO] api: Response: 200 | 14ms
2026-02-10 21:08:13,617 [INFO] api: Response: 200 | 24ms
2026-02-10 21:08:13,620 [INFO] api: Incoming: GET /api/v1/wallet/summary
2026-02-10 21:08:13,624 [INFO] api: Incoming: GET /api/v1/users/online
2026-02-10 21:08:13,627 [INFO] api: Response: 200 | 6ms
2026-02-10 21:08:13,642 [INFO] api: Response: 200 | 23ms
2026-02-10 21:08:15,495 [INFO] api: Incoming: OPTIONS /api/v1/wallet/ledger
2026-02-10 21:08:15,496 [INFO] api: Incoming: GET /api/v1/wallet/summary
2026-02-10 21:08:15,498 [INFO] api: Response: 200 | 3ms
2026-02-10 21:08:15,499 [INFO] api: Incoming: OPTIONS /api/v1/wallet/programs
2026-02-10 21:08:15,501 [INFO] api: Incoming: OPTIONS /api/v1/wallet/ledger
2026-02-10 21:08:15,503 [INFO] api: Incoming: OPTIONS /api/v1/wallet/programs
2026-02-10 21:08:15,504 [INFO] api: Response: 200 | 4ms
2026-02-10 21:08:15,507 [INFO] api: Incoming: GET /api/v1/history
2026-02-10 21:08:15,509 [INFO] api: Response: 200 | 8ms
2026-02-10 21:08:15,512 [INFO] api: Response: 200 | 10ms
2026-02-10 21:08:15,514 [INFO] api: Incoming: GET /api/v1/wallet/ledger
2026-02-10 21:08:15,515 [INFO] api: Incoming: GET /api/v1/wallet/programs
2026-02-10 21:08:15,599 [INFO] api: Response: 200 | 92ms
2026-02-10 21:08:15,612 [INFO] api: Incoming: GET /api/v1/history
2026-02-10 21:08:15,614 [INFO] api: Response: 200 | 96ms
2026-02-10 21:08:15,615 [INFO] api: Response: 200 | 100ms
2026-02-10 21:08:15,694 [INFO] api: Incoming: GET /api/v1/wallet/programs
2026-02-10 21:08:15,694 [INFO] api: Incoming: GET /api/v1/wallet/ledger
2026-02-10 21:08:15,695 [INFO] api: Incoming: GET /api/v1/user/token-usage
2026-02-10 21:08:15,699 [INFO] api: Response: 200 | 86ms
2026-02-10 21:08:15,699 [INFO] api: Response: 200 | 203ms
2026-02-10 21:08:15,707 [INFO] api: Incoming: GET /api/v1/wallet/summary
2026-02-10 21:08:15,710 [INFO] api: Response: 200 | 14ms
2026-02-10 21:08:15,720 [INFO] api: Incoming: GET /api/v1/user/token-usage
2026-02-10 21:08:15,722 [INFO] api: Response: 200 | 29ms
2026-02-10 21:08:15,722 [INFO] api: Response: 200 | 30ms
2026-02-10 21:08:15,731 [INFO] api: Incoming: GET /api/v1/user/profile
2026-02-10 21:08:15,742 [INFO] api: Response: 200 | 22ms
2026-02-10 21:08:15,743 [INFO] api: Response: 200 | 36ms
2026-02-10 21:08:15,745 [INFO] api: Response: 200 | 14ms
2026-02-10 21:08:15,747 [INFO] api: Incoming: GET /api/v1/wallet/summary
2026-02-10 21:08:15,753 [INFO] api: Incoming: GET /api/v1/user/profile
2026-02-10 21:08:15,766 [INFO] api: Response: 200 | 11ms
2026-02-10 21:08:15,768 [INFO] api: Response: 200 | 23ms
2026-02-10 21:08:15,774 [INFO] api: Incoming: GET /api/v1/wallet/summary
2026-02-10 21:08:15,796 [INFO] api: Response: 200 | 21ms
2026-02-10 21:08:18,903 [INFO] api: Incoming: OPTIONS /api/v1/wallet/programs
2026-02-10 21:08:18,903 [INFO] api: Incoming: GET /api/v1/wallet/summary
2026-02-10 21:08:18,905 [INFO] api: Response: 200 | 1ms
2026-02-10 21:08:18,907 [INFO] api: Incoming: OPTIONS /api/v1/wallet/programs
2026-02-10 21:08:18,909 [INFO] api: Incoming: GET /api/v1/wallet/programs
2026-02-10 21:08:18,909 [INFO] api: Response: 200 | 1ms
2026-02-10 21:08:18,918 [INFO] api: Incoming: GET /api/v1/user/profile
2026-02-10 21:08:18,918 [INFO] api: Incoming: GET /api/v1/history
2026-02-10 21:08:18,938 [INFO] api: Incoming: GET /api/v1/config/token-policy
2026-02-10 21:08:18,942 [INFO] api: Incoming: GET /api/v1/config/token-policy
2026-02-10 21:08:18,948 [INFO] api: Response: 200 | 28ms
2026-02-10 21:08:18,953 [INFO] api: Response: 200 | 36ms
2026-02-10 21:08:18,959 [INFO] api: Response: 200 | 19ms
2026-02-10 21:08:18,959 [INFO] api: Response: 200 | 56ms
2026-02-10 21:08:18,959 [INFO] api: Response: 200 | 19ms
2026-02-10 21:08:18,966 [INFO] api: Incoming: GET /api/v1/wallet/summary
2026-02-10 21:08:18,966 [INFO] api: Response: 200 | 58ms
2026-02-10 21:08:18,969 [INFO] api: Incoming: GET /api/v1/history
2026-02-10 21:08:18,971 [INFO] api: Incoming: GET /api/v1/wallet/programs
2026-02-10 21:08:18,978 [INFO] api: Incoming: GET /api/v1/user/profile
2026-02-10 21:08:18,992 [INFO] api: Response: 200 | 22ms
2026-02-10 21:08:18,999 [INFO] api: Incoming: GET /api/v1/users/online
2026-02-10 21:08:19,002 [INFO] api: Incoming: OPTIONS /api/v1/credits/estimate
2026-02-10 21:08:19,002 [INFO] api: Response: 200 | 22ms
2026-02-10 21:08:19,003 [INFO] api: Response: 200 | 1ms
2026-02-10 21:08:19,005 [INFO] api: Incoming: POST /api/v1/credits/estimate
2026-02-10 21:08:19,010 [INFO] api: Response: 200 | 11ms
2026-02-10 21:08:19,011 [INFO] api: Response: 200 | 45ms
2026-02-10 21:08:19,012 [INFO] api: Response: 200 | 41ms
2026-02-10 21:08:19,016 [INFO] api: Incoming: GET /api/v1/wallet/summary
2026-02-10 21:08:19,026 [INFO] api: Incoming: GET /api/v1/users/online
2026-02-10 21:08:19,031 [INFO] api: Response: 200 | 20ms
2026-02-10 21:08:19,033 [INFO] api: Response: 200 | 6ms
2026-02-10 21:08:19,047 [INFO] api: Response: 200 | 31ms
2026-02-10 21:08:19,049 [INFO] api: Incoming: GET /api/v1/wallet/summary
2026-02-10 21:08:19,076 [INFO] api: Response: 200 | 25ms
2026-02-11 05:08:22,594 [INFO] api: Incoming: GET /health
2026-02-11 05:08:22,598 [INFO] api: Response: 200 | 3ms
2026-02-10 21:08:26,380 [INFO] api: Incoming: GET /api/v1/wallet/summary
2026-02-10 21:08:26,386 [INFO] api: Incoming: GET /api/v1/wallet/ledger
2026-02-10 21:08:26,388 [INFO] api: Incoming: GET /api/v1/wallet/programs
2026-02-10 21:08:26,392 [INFO] api: Incoming: GET /api/v1/history
2026-02-10 21:08:26,473 [INFO] api: Response: 200 | 83ms
2026-02-10 21:08:26,479 [INFO] api: Response: 200 | 91ms
2026-02-10 21:08:26,482 [INFO] api: Response: 200 | 95ms
2026-02-10 21:08:26,482 [INFO] api: Incoming: GET /api/v1/wallet/programs
2026-02-10 21:08:26,488 [INFO] api: Incoming: GET /api/v1/wallet/ledger
2026-02-10 21:08:26,488 [INFO] api: Incoming: GET /api/v1/history
2026-02-10 21:08:26,491 [INFO] api: Incoming: GET /api/v1/user/token-usage
2026-02-10 21:08:26,556 [INFO] api: Response: 200 | 67ms
2026-02-10 21:08:26,556 [INFO] api: Response: 200 | 176ms
2026-02-10 21:08:26,559 [INFO] api: Response: 200 | 69ms
2026-02-10 21:08:26,562 [INFO] api: Incoming: GET /api/v1/wallet/summary
2026-02-10 21:08:26,565 [INFO] api: Response: 200 | 78ms
2026-02-10 21:08:26,567 [INFO] api: Response: 200 | 83ms
2026-02-10 21:08:26,569 [INFO] api: Incoming: GET /api/v1/user/token-usage
2026-02-10 21:08:26,577 [INFO] api: Incoming: GET /api/v1/user/profile
2026-02-10 21:08:26,579 [INFO] api: Response: 200 | 8ms
2026-02-10 21:08:26,590 [INFO] api: Response: 200 | 12ms
2026-02-10 21:08:26,596 [INFO] api: Response: 200 | 33ms
2026-02-10 21:08:26,601 [INFO] api: Incoming: GET /api/v1/user/profile
2026-02-10 21:08:26,603 [INFO] api: Incoming: GET /api/v1/wallet/summary
2026-02-10 21:08:26,617 [INFO] api: Response: 200 | 15ms
2026-02-10 21:08:26,640 [INFO] api: Response: 200 | 39ms
2026-02-10 21:08:26,645 [INFO] api: Incoming: GET /api/v1/wallet/summary
2026-02-10 21:08:26,668 [INFO] api: Response: 200 | 22ms
2026-02-10 21:08:34,172 [INFO] api: Incoming: OPTIONS /api/v1/wallet/lots
2026-02-10 21:08:34,173 [INFO] api: Response: 200 | 1ms
2026-02-10 21:08:34,175 [INFO] api: Incoming: GET /api/v1/wallet/summary
2026-02-10 21:08:34,176 [INFO] api: Incoming: OPTIONS /api/v1/wallet/ledger
2026-02-10 21:08:34,180 [INFO] api: Incoming: OPTIONS /api/v1/wallet/lots
2026-02-10 21:08:34,180 [INFO] api: Incoming: GET /api/v1/wallet/programs
2026-02-10 21:08:34,184 [INFO] api: Incoming: GET /api/v1/wallet/lots
2026-02-10 21:08:34,184 [INFO] api: Response: 200 | 5ms
2026-02-10 21:08:34,186 [INFO] api: Incoming: OPTIONS /api/v1/wallet/ledger
2026-02-10 21:08:34,189 [INFO] api: Response: 200 | 8ms
2026-02-10 21:08:34,192 [INFO] api: Response: 200 | 6ms
2026-02-10 21:08:34,198 [INFO] api: Incoming: GET /api/v1/wallet/ledger
2026-02-10 21:08:34,217 [INFO] api: Response: 200 | 38ms
2026-02-10 21:08:34,217 [INFO] api: Response: 200 | 25ms
2026-02-10 21:08:34,227 [INFO] api: Incoming: GET /api/v1/wallet/programs
2026-02-10 21:08:34,228 [INFO] api: Response: 200 | 45ms
2026-02-10 21:08:34,228 [INFO] api: Incoming: GET /api/v1/wallet/ledger
2026-02-10 21:08:34,235 [INFO] api: Response: 200 | 60ms
2026-02-10 21:08:34,239 [INFO] api: Incoming: GET /api/v1/wallet/lots
2026-02-10 21:08:34,243 [INFO] api: Incoming: GET /api/v1/wallet/summary
2026-02-10 21:08:34,259 [INFO] api: Response: 200 | 33ms
2026-02-10 21:08:34,262 [INFO] api: Response: 200 | 34ms
2026-02-10 21:08:34,267 [INFO] api: Response: 200 | 28ms
2026-02-10 21:08:34,272 [INFO] api: Response: 200 | 31ms
2026-02-10 21:08:34,277 [INFO] api: Incoming: GET /api/v1/wallet/summary
2026-02-10 21:08:34,277 [INFO] api: Incoming: OPTIONS /api/v1/billing/invoices
2026-02-10 21:08:34,277 [INFO] api: Response: 200 | 0ms
2026-02-10 21:08:34,286 [INFO] api: Incoming: GET /api/v1/billing/invoices
2026-02-10 21:08:34,303 [INFO] api: Response: 200 | 24ms
2026-02-10 21:08:34,312 [INFO] api: Response: 200 | 34ms
2026-02-10 21:08:34,315 [INFO] api: Incoming: GET /api/v1/wallet/summary
2026-02-10 21:08:34,339 [INFO] api: Response: 200 | 23ms
2026-02-10 21:08:34,343 [INFO] api: Incoming: GET /api/v1/billing/invoices
2026-02-10 21:08:34,355 [INFO] api: Response: 200 | 12ms
2026-02-11 05:08:37,988 [INFO] api: Incoming: GET /health
2026-02-11 05:08:38,003 [INFO] api: Response: 200 | 15ms
2026-02-10 21:08:52,661 [INFO] api: Incoming: GET /api/admin/billing/packs
2026-02-10 21:08:52,686 [INFO] api: Response: 200 | 23ms
2026-02-10 21:08:52,696 [INFO] api: Incoming: GET /api/admin/billing/packs
2026-02-10 21:08:52,721 [INFO] api: Response: 200 | 24ms
2026-02-11 05:08:53,444 [INFO] api: Incoming: GET /health
2026-02-11 05:08:53,448 [INFO] api: Response: 200 | 4ms
2026-02-10 21:08:54,850 [INFO] api: Incoming: GET /api/v1/wallet/summary
2026-02-10 21:08:54,887 [INFO] api: Response: 200 | 37ms
2026-02-11 05:09:08,865 [INFO] api: Incoming: GET /health
2026-02-11 05:09:08,878 [INFO] api: Response: 200 | 12ms
2026-02-10 21:09:10,690 [INFO] api: Incoming: GET /api/admin/payments/overview
2026-02-10 21:09:10,729 [INFO] api: Response: 200 | 39ms
2026-02-10 21:09:10,738 [INFO] api: Incoming: GET /api/admin/payments/overview
2026-02-10 21:09:10,756 [INFO] api: Response: 200 | 19ms
2026-02-10 21:09:13,168 [INFO] api: Incoming: GET /api/admin/payments/topups
2026-02-10 21:09:13,195 [INFO] api: Response: 200 | 28ms
2026-02-10 21:09:13,208 [INFO] api: Incoming: GET /api/admin/payments/topups
2026-02-10 21:09:13,227 [INFO] api: Response: 200 | 19ms
2026-02-10 21:09:14,853 [INFO] api: Incoming: GET /api/v1/wallet/summary
2026-02-10 21:09:14,889 [INFO] api: Response: 200 | 34ms
2026-02-10 21:09:15,336 [INFO] api: Incoming: GET /api/admin/payments/subscriptions
2026-02-10 21:09:15,354 [INFO] api: Response: 200 | 20ms
2026-02-10 21:09:15,365 [INFO] api: Incoming: GET /api/admin/payments/subscriptions
2026-02-10 21:09:15,382 [INFO] api: Response: 200 | 17ms
2026-02-10 21:09:17,691 [INFO] api: Incoming: GET /api/admin/payments/invoices
2026-02-10 21:09:17,709 [INFO] api: Response: 200 | 18ms
2026-02-10 21:09:17,717 [INFO] api: Incoming: GET /api/admin/payments/invoices
2026-02-10 21:09:17,729 [INFO] api: Response: 200 | 13ms
2026-02-10 21:09:18,287 [INFO] api: Incoming: GET /api/admin/payments/stripe/events
2026-02-10 21:09:18,308 [INFO] api: Response: 200 | 20ms
2026-02-10 21:09:18,905 [INFO] api: Incoming: GET /api/admin/payments/reconciliation
2026-02-10 21:09:18,947 [INFO] api: Response: 200 | 40ms
2026-02-10 21:09:21,429 [INFO] api: Incoming: GET /api/admin/payments/pricing
2026-02-10 21:09:21,448 [INFO] api: Response: 200 | 19ms
2026-02-10 21:09:22,760 [INFO] api: Incoming: OPTIONS /api/admin/payments/config
2026-02-10 21:09:22,761 [INFO] api: Response: 200 | 1ms
2026-02-10 21:09:22,762 [INFO] api: Incoming: OPTIONS /api/admin/payments/pricing/provider
2026-02-10 21:09:22,765 [INFO] api: Incoming: OPTIONS /api/admin/payments/stripe/health
2026-02-10 21:09:22,765 [INFO] api: Incoming: OPTIONS /api/admin/payments/config
2026-02-10 21:09:22,767 [INFO] api: Response: 200 | 4ms
2026-02-10 21:09:22,767 [INFO] api: Incoming: OPTIONS /api/admin/payments/pricing/provider
2026-02-10 21:09:22,770 [INFO] api: Response: 200 | 5ms
2026-02-10 21:09:22,771 [INFO] api: Incoming: OPTIONS /api/admin/payments/stripe/health
2026-02-10 21:09:22,771 [INFO] api: Incoming: GET /api/admin/payments/config
2026-02-10 21:09:22,772 [INFO] api: Response: 200 | 5ms
2026-02-10 21:09:22,774 [INFO] api: Response: 200 | 6ms
2026-02-10 21:09:22,775 [INFO] api: Response: 200 | 5ms
2026-02-10 21:09:22,776 [INFO] api: Incoming: GET /api/admin/payments/pricing/provider
2026-02-10 21:09:22,779 [INFO] api: Incoming: GET /api/admin/payments/stripe/health
2026-02-10 21:09:22,798 [INFO] api: Response: 200 | 21ms
2026-02-10 21:09:22,801 [INFO] api: Response: 200 | 30ms
2026-02-10 21:09:22,813 [INFO] api: Incoming: GET /api/admin/payments/pricing/provider
2026-02-10 21:09:22,817 [INFO] api: Incoming: GET /api/admin/payments/config
2026-02-10 21:09:22,838 [INFO] api: Response: 200 | 26ms
2026-02-10 21:09:22,841 [INFO] api: Response: 200 | 24ms
2026-02-10 21:09:23,343 [INFO] stripe: message='Request to Stripe api' method=get url=https://api.stripe.com/v1/account
2026-02-10 21:09:23,953 [INFO] api: Incoming: GET /api/v1/admin/stats/dashboard
2026-02-10 21:09:24,071 [INFO] stripe: message='Stripe API response' path=https://api.stripe.com/v1/account response_code=200
2026-02-11 05:09:24,191 [INFO] api: Incoming: GET /health
2026-02-11 05:09:24,193 [INFO] api: Response: 200 | 2ms
2026-02-10 21:09:24,747 [ERROR] root: OpenAI usage fetch failed: 400 Client Error: Bad Request for url: https://api.openai.com/v1/usage?start_date=2026-02-11&end_date=2026-02-11
2026-02-10 21:09:25,542 [ERROR] root: OpenAI usage fetch failed: 400 Client Error: Bad Request for url: https://api.openai.com/v1/usage?start_date=2026-02-01&end_date=2026-02-11
2026-02-10 21:09:25,547 [INFO] api: Incoming: GET /api/v1/admin/stats/model-routing
2026-02-10 21:09:25,547 [INFO] api: Incoming: GET /api/v1/admin/solve-traces
2026-02-10 21:09:25,547 [INFO] api: Incoming: GET /api/v1/admin/analytics/overview
2026-02-10 21:09:25,547 [INFO] api: Incoming: GET /api/v1/admin/stats/dashboard
2026-02-10 21:09:25,552 [INFO] api: Incoming: GET /api/v1/admin/analytics/errors
2026-02-10 21:09:25,553 [INFO] api: Incoming: GET /api/v1/admin/analytics/anomalies
2026-02-10 21:09:25,553 [INFO] api: Response: 200 | 1600ms
2026-02-10 21:09:25,553 [INFO] api: Incoming: GET /api/v1/admin/stats/model-routing
2026-02-10 21:09:25,556 [INFO] api: Incoming: GET /api/v1/admin/solve-traces
2026-02-10 21:09:25,556 [INFO] api: Incoming: GET /api/v1/admin/analytics/overview
2026-02-10 21:09:25,558 [INFO] api: Response: 200 | 2778ms
2026-02-10 21:09:25,562 [INFO] api: Incoming: GET /api/v1/admin/analytics/errors
2026-02-10 21:09:26,339 [ERROR] root: OpenAI usage fetch failed: 400 Client Error: Bad Request for url: https://api.openai.com/v1/usage?start_date=2026-02-11&end_date=2026-02-11
2026-02-10 21:09:27,393 [ERROR] root: OpenAI usage fetch failed: 400 Client Error: Bad Request for url: https://api.openai.com/v1/usage?start_date=2026-02-01&end_date=2026-02-11
2026-02-10 21:09:27,406 [INFO] api: Incoming: GET /api/v1/admin/analytics/anomalies
2026-02-10 21:09:27,423 [INFO] api: Incoming: GET /api/v1/config/token-policy
2026-02-10 21:09:27,424 [INFO] api: Response: 200 | 1877ms
2026-02-10 21:09:27,426 [INFO] api: Response: 200 | 1878ms
2026-02-10 21:09:27,427 [INFO] api: Response: 200 | 1879ms
2026-02-10 21:09:27,427 [INFO] api: Incoming: GET /api/admin/payments/stripe/health
2026-02-10 21:09:27,431 [INFO] api: Response: 200 | 1883ms
2026-02-10 21:09:27,435 [INFO] api: Incoming: GET /api/v1/admin/users
2026-02-10 21:09:27,439 [INFO] api: Response: 200 | 1887ms
2026-02-10 21:09:27,440 [INFO] api: Incoming: GET /api/v1/admin/users
2026-02-10 21:09:27,441 [INFO] api: Incoming: GET /api/v1/admin/plans
2026-02-10 21:09:27,448 [INFO] api: Response: 200 | 1892ms
2026-02-10 21:09:27,456 [INFO] api: Response: 200 | 1898ms
2026-02-10 21:09:27,456 [INFO] api: Response: 200 | 1892ms
2026-02-10 21:09:27,456 [INFO] api: Response: 200 | 35ms
2026-02-10 21:09:27,456 [INFO] api: Response: 200 | 54ms
2026-02-10 21:09:27,496 [INFO] stripe: message='Request to Stripe api' method=get url=https://api.stripe.com/v1/account
2026-02-10 21:09:27,496 [INFO] api: Response: 200 | 59ms
2026-02-10 21:09:27,555 [INFO] api: Response: 200 | 115ms
2026-02-10 21:09:27,562 [INFO] api: Response: 200 | 132ms
2026-02-10 21:09:27,582 [INFO] api: Response: 200 | 2029ms
2026-02-10 21:09:27,587 [INFO] api: Response: 200 | 2032ms
2026-02-10 21:09:28,300 [INFO] stripe: message='Stripe API response' path=https://api.stripe.com/v1/account response_code=200
2026-02-10 21:09:28,305 [INFO] api: Response: 200 | 877ms
2026-02-10 21:09:29,603 [INFO] api: Incoming: GET /api/v1/wallet/summary
2026-02-10 21:09:29,627 [INFO] api: Response: 200 | 24ms
2026-02-10 21:09:33,848 [INFO] api: Incoming: OPTIONS /api/v1/admin/users/68
2026-02-10 21:09:33,850 [INFO] api: Response: 200 | 2ms
2026-02-10 21:09:33,853 [INFO] api: Incoming: OPTIONS /api/v1/admin/users/68/activity
2026-02-10 21:09:33,855 [INFO] api: Incoming: OPTIONS /api/v1/admin/users/68/full
2026-02-10 21:09:33,855 [INFO] api: Incoming: OPTIONS /api/v1/admin/users/68/question-history
2026-02-10 21:09:33,855 [INFO] api: Response: 200 | 5ms
2026-02-10 21:09:33,860 [INFO] api: Incoming: OPTIONS /api/v1/admin/users/68
2026-02-10 21:09:33,862 [INFO] api: Incoming: OPTIONS /api/v1/admin/users/68/full
2026-02-10 21:09:33,862 [INFO] api: Response: 200 | 7ms
2026-02-10 21:09:33,864 [INFO] api: Incoming: OPTIONS /api/v1/admin/users/68/activity
2026-02-10 21:09:33,865 [INFO] api: Response: 200 | 9ms
2026-02-10 21:09:33,868 [INFO] api: Response: 200 | 7ms
2026-02-10 21:09:33,869 [INFO] api: Response: 200 | 7ms
2026-02-10 21:09:33,871 [INFO] api: Response: 200 | 6ms
2026-02-10 21:09:33,873 [INFO] api: Incoming: OPTIONS /api/v1/admin/users/68/question-history
2026-02-10 21:09:33,875 [INFO] api: Incoming: GET /api/v1/admin/users/68
2026-02-10 21:09:33,876 [INFO] api: Response: 200 | 3ms
2026-02-10 21:09:33,877 [INFO] api: Incoming: GET /api/v1/admin/users/68/full
2026-02-10 21:09:33,878 [INFO] api: Incoming: GET /api/v1/admin/users/68/activity
2026-02-10 21:09:33,881 [INFO] api: Incoming: GET /api/v1/admin/users/68/question-history
2026-02-10 21:09:33,989 [INFO] api: Response: 200 | 114ms
2026-02-10 21:09:33,992 [INFO] api: Response: 200 | 114ms
2026-02-10 21:09:33,992 [INFO] api: Response: 200 | 111ms
2026-02-10 21:09:33,992 [INFO] api: Response: 200 | 115ms
2026-02-10 21:09:34,052 [INFO] api: Incoming: GET /api/v1/admin/users/68
2026-02-10 21:09:34,053 [INFO] api: Incoming: GET /api/v1/admin/users/68/activity
2026-02-10 21:09:34,054 [INFO] api: Incoming: GET /api/v1/admin/users/68/full
2026-02-10 21:09:34,054 [INFO] api: Incoming: GET /api/v1/admin/users/68/question-history
2026-02-10 21:09:34,147 [INFO] api: Response: 200 | 93ms
2026-02-10 21:09:34,148 [INFO] api: Response: 200 | 93ms
2026-02-10 21:09:34,149 [INFO] api: Response: 200 | 97ms
2026-02-10 21:09:34,151 [INFO] api: Response: 200 | 96ms
2026-02-10 21:09:34,856 [INFO] api: Incoming: GET /api/v1/wallet/summary
2026-02-10 21:09:34,889 [INFO] api: Response: 200 | 34ms
2026-02-10 21:09:37,260 [INFO] api: Incoming: OPTIONS /api/admin/billing/users/68/wallet_summary
2026-02-10 21:09:37,262 [INFO] api: Incoming: OPTIONS /api/admin/billing/users/68/lots
2026-02-10 21:09:37,263 [INFO] api: Incoming: OPTIONS /api/admin/billing/users/68/ledger
2026-02-10 21:09:37,263 [INFO] api: Incoming: OPTIONS /api/admin/billing/users/68/enrollments
2026-02-10 21:09:37,265 [INFO] api: Incoming: OPTIONS /api/admin/billing/holds
2026-02-10 21:09:37,265 [INFO] api: Incoming: GET /api/admin/billing/programs
2026-02-10 21:09:37,265 [INFO] api: Response: 200 | 4ms
2026-02-10 21:09:37,268 [INFO] api: Response: 200 | 6ms
2026-02-10 21:09:37,270 [INFO] api: Response: 200 | 6ms
2026-02-10 21:09:37,270 [INFO] api: Response: 200 | 6ms
2026-02-10 21:09:37,270 [INFO] api: Response: 200 | 7ms
2026-02-10 21:09:37,277 [INFO] api: Incoming: GET /api/admin/billing/users/68/wallet_summary
2026-02-10 21:09:37,280 [INFO] api: Incoming: GET /api/admin/billing/users/68/lots
2026-02-10 21:09:37,280 [INFO] api: Incoming: GET /api/admin/billing/users/68/ledger
2026-02-10 21:09:37,285 [INFO] api: Incoming: GET /api/admin/billing/users/68/enrollments
2026-02-10 21:09:37,286 [INFO] api: Incoming: GET /api/admin/billing/holds
2026-02-10 21:09:37,329 [INFO] api: Response: 422 | Validation Error
2026-02-10 21:09:37,365 [INFO] api: Response: 200 | 87ms
2026-02-10 21:09:37,365 [INFO] api: Response: 200 | 85ms
2026-02-10 21:09:37,372 [INFO] api: Response: 200 | 94ms
2026-02-10 21:09:37,372 [INFO] api: Response: 200 | 87ms
2026-02-10 21:09:37,374 [INFO] api: Response: 200 | 87ms
2026-02-11 05:09:39,530 [INFO] api: Incoming: GET /health
2026-02-11 05:09:39,533 [INFO] api: Response: 200 | 2ms
2026-02-10 21:09:49,967 [INFO] api: Incoming: OPTIONS /api/admin/billing/users/68/reconcile
2026-02-10 21:09:49,970 [INFO] api: Response: 200 | 1ms
2026-02-10 21:09:49,975 [INFO] api: Incoming: POST /api/admin/billing/users/68/reconcile
2026-02-10 21:09:50,019 [INFO] api: Response: 200 | 49ms
2026-02-10 21:09:50,029 [INFO] api: Incoming: GET /api/admin/billing/users/68/wallet_summary
2026-02-10 21:09:50,033 [INFO] api: Incoming: GET /api/admin/billing/users/68/lots
2026-02-10 21:09:50,035 [INFO] api: Incoming: GET /api/admin/billing/users/68/ledger
2026-02-10 21:09:50,039 [INFO] api: Incoming: GET /api/admin/billing/users/68/enrollments
2026-02-10 21:09:50,042 [INFO] api: Incoming: GET /api/admin/billing/holds
2026-02-10 21:09:50,048 [INFO] api: Incoming: GET /api/admin/billing/programs
2026-02-10 21:09:50,105 [INFO] api: Response: 200 | 74ms
2026-02-10 21:09:50,106 [INFO] api: Response: 200 | 73ms
2026-02-10 21:09:50,110 [INFO] api: Response: 200 | 70ms
2026-02-10 21:09:50,111 [INFO] api: Response: 200 | 74ms
2026-02-10 21:09:50,112 [INFO] api: Incoming: GET /api/v1/admin/users/68
2026-02-10 21:09:50,113 [INFO] api: Response: 200 | 72ms
2026-02-10 21:09:50,141 [INFO] api: Response: 422 | Validation Error
2026-02-10 21:09:50,144 [INFO] api: Response: 200 | 31ms
2026-02-10 21:09:54,855 [INFO] api: Incoming: GET /api/v1/wallet/summary
2026-02-10 21:09:54,885 [INFO] api: Response: 200 | 27ms
2026-02-11 05:09:54,943 [INFO] api: Incoming: GET /health
2026-02-11 05:09:54,945 [INFO] api: Response: 200 | 2ms
2026-02-10 21:09:55,618 [INFO] api: Incoming: GET /api/admin/billing/users/68/wallet_summary
2026-02-10 21:09:55,623 [INFO] api: Incoming: GET /api/admin/billing/users/68/lots
2026-02-10 21:09:55,624 [INFO] api: Incoming: GET /api/admin/billing/users/68/ledger
2026-02-10 21:09:55,627 [INFO] api: Incoming: GET /api/admin/billing/users/68/enrollments
2026-02-10 21:09:55,631 [INFO] api: Incoming: GET /api/admin/billing/holds
2026-02-10 21:09:55,635 [INFO] api: Incoming: GET /api/admin/billing/programs
2026-02-10 21:09:55,703 [INFO] api: Response: 200 | 84ms
2026-02-10 21:09:55,708 [INFO] api: Response: 200 | 87ms
2026-02-10 21:09:55,712 [INFO] api: Response: 200 | 85ms
2026-02-10 21:09:55,713 [INFO] api: Response: 200 | 82ms
2026-02-10 21:09:55,713 [INFO] api: Response: 200 | 80ms
2026-02-10 21:09:55,739 [INFO] api: Response: 422 | Validation Error
2026-02-11 05:10:10,583 [INFO] api: Incoming: GET /health
2026-02-11 05:10:10,590 [INFO] api: Response: 200 | 6ms
2026-02-10 21:10:14,851 [INFO] api: Incoming: GET /api/v1/wallet/summary
2026-02-10 21:10:14,889 [INFO] api: Response: 200 | 36ms
2026-02-10 21:10:21,065 [INFO] api: Incoming: GET /api/admin/billing/programs/enrollments/all
2026-02-10 21:10:21,068 [INFO] api: Incoming: GET /api/admin/billing/programs
2026-02-10 21:10:21,110 [INFO] api: Response: 200 | 44ms
2026-02-10 21:10:21,111 [INFO] api: Response: 200 | 43ms
2026-02-10 21:10:21,119 [INFO] api: Incoming: GET /api/admin/billing/programs
2026-02-10 21:10:21,119 [INFO] api: Incoming: GET /api/admin/billing/programs/enrollments/all
2026-02-10 21:10:21,159 [INFO] api: Response: 200 | 41ms
2026-02-10 21:10:21,161 [INFO] api: Response: 200 | 41ms
2026-02-11 05:10:25,970 [INFO] api: Incoming: GET /health
2026-02-11 05:10:25,973 [INFO] api: Response: 200 | 3ms
2026-02-10 21:10:31,227 [INFO] api: Incoming: OPTIONS /api/admin/billing/refunds
2026-02-10 21:10:31,230 [INFO] api: Incoming: OPTIONS /api/admin/billing/refunds
2026-02-10 21:10:31,230 [INFO] api: Response: 200 | 4ms
2026-02-10 21:10:31,234 [INFO] api: Response: 200 | 2ms
2026-02-10 21:10:31,236 [INFO] api: Incoming: GET /api/admin/billing/refunds
2026-02-10 21:10:31,254 [INFO] api: Response: 200 | 17ms
2026-02-10 21:10:31,256 [INFO] api: Incoming: GET /api/admin/billing/refunds
2026-02-10 21:10:31,273 [INFO] api: Response: 200 | 17ms
2026-02-10 21:10:34,862 [INFO] api: Incoming: GET /api/v1/wallet/summary
2026-02-10 21:10:34,886 [INFO] api: Response: 200 | 24ms
2026-02-10 21:10:35,800 [INFO] api: Incoming: OPTIONS /api/admin/billing/holds
2026-02-10 21:10:35,802 [INFO] api: Incoming: OPTIONS /api/admin/billing/holds/stats
2026-02-10 21:10:35,804 [INFO] api: Incoming: OPTIONS /api/admin/billing/holds
2026-02-10 21:10:35,806 [INFO] api: Response: 200 | 6ms
2026-02-10 21:10:35,810 [INFO] api: Response: 200 | 8ms
2026-02-10 21:10:35,811 [INFO] api: Incoming: OPTIONS /api/admin/billing/holds/stats
2026-02-10 21:10:35,814 [INFO] api: Response: 200 | 10ms
2026-02-10 21:10:35,819 [INFO] api: Response: 200 | 7ms
2026-02-10 21:10:35,820 [INFO] api: Incoming: GET /api/admin/billing/holds
2026-02-10 21:10:35,823 [INFO] api: Incoming: GET /api/admin/billing/holds/stats
2026-02-10 21:10:35,853 [INFO] api: Response: 200 | 32ms
2026-02-10 21:10:35,853 [INFO] api: Response: 200 | 27ms
2026-02-10 21:10:35,853 [INFO] api: Incoming: GET /api/admin/billing/holds
2026-02-10 21:10:35,860 [INFO] api: Incoming: GET /api/admin/billing/holds/stats
2026-02-10 21:10:35,883 [INFO] api: Response: 200 | 23ms
2026-02-10 21:10:35,883 [INFO] api: Response: 200 | 27ms
2026-02-10 21:10:39,364 [INFO] api: Incoming: GET /api/admin/billing/holds
2026-02-10 21:10:39,364 [INFO] api: Incoming: GET /api/admin/billing/holds/stats
2026-02-10 21:10:39,392 [INFO] api: Response: 200 | 27ms
2026-02-10 21:10:39,392 [INFO] api: Response: 200 | 29ms
2026-02-11 05:10:41,389 [INFO] api: Incoming: GET /health
2026-02-11 05:10:41,394 [INFO] api: Response: 200 | 4ms
2026-02-10 21:10:53,934 [INFO] api: Incoming: OPTIONS /api/admin/billing/holds/release-ocr
2026-02-10 21:10:53,936 [INFO] api: Response: 200 | 1ms
2026-02-10 21:10:53,939 [INFO] api: Incoming: POST /api/admin/billing/holds/release-ocr
2026-02-10 21:10:53,981 [INFO] billing: [BILLING] {"event_type": "HOLD_RELEASED", "user_id": 68, "request_id": "ocr:68:pix2text:05a694a779e27045317bc3f7db16764575b342ea654a7fa7a61a94b0982308e2:0.00000:0.00000:1.00000:1.00000:rot0:m0:local:local", "attempt_id": "19", "payment_id": null, "invoice_id": null, "delta_credits": "2.0000000000", "delta_usd": null, "balance_before_cached": null, "balance_after_cached": "14041.0000000000", "balance_before_computed": null, "balance_after_computed": null, "success": true, "error_code": null, "error_message": null, "metadata": null, "timestamp": "2026-02-11T05:10:53.981097Z"}
2026-02-10 21:10:53,992 [INFO] billing: [BILLING] {"event_type": "HOLD_RELEASED", "user_id": 68, "request_id": "ocr:68:pix2text:949b75559a204747fcf5cb4b4a5321575490bf51212df8cb95a91a2615a3b014:0.00000:0.00000:1.00000:1.00000:rot0:m0:local:local", "attempt_id": "18", "payment_id": null, "invoice_id": null, "delta_credits": "2.0000000000", "delta_usd": null, "balance_before_cached": null, "balance_after_cached": "14043.0000000000", "balance_before_computed": null, "balance_after_computed": null, "success": true, "error_code": null, "error_message": null, "metadata": null, "timestamp": "2026-02-11T05:10:53.992996Z"}
2026-02-10 21:10:54,003 [INFO] api: Response: 200 | 63ms
2026-02-10 21:10:54,010 [INFO] api: Incoming: GET /api/admin/billing/holds
2026-02-10 21:10:54,011 [INFO] api: Incoming: GET /api/admin/billing/holds/stats
2026-02-10 21:10:54,040 [INFO] api: Response: 200 | 30ms
2026-02-10 21:10:54,041 [INFO] api: Response: 200 | 30ms
2026-02-11 05:10:56,700 [INFO] api: Incoming: GET /health
2026-02-11 05:10:56,702 [INFO] api: Response: 200 | 2ms
2026-02-10 21:11:00,693 [INFO] api: Incoming: OPTIONS /api/admin/billing/holds/13/release
2026-02-10 21:11:00,693 [INFO] api: Response: 200 | 1ms
2026-02-10 21:11:00,700 [INFO] api: Incoming: POST /api/admin/billing/holds/13/release
2026-02-10 21:11:00,755 [INFO] api: Response: 200 | 57ms
2026-02-10 21:11:00,764 [INFO] api: Incoming: GET /api/admin/billing/holds
2026-02-10 21:11:00,767 [INFO] api: Incoming: GET /api/admin/billing/holds/stats
2026-02-10 21:11:00,796 [INFO] api: Response: 200 | 31ms
2026-02-10 21:11:00,797 [INFO] api: Response: 200 | 30ms
2026-02-10 21:11:04,100 [INFO] api: Incoming: OPTIONS /api/admin/billing/holds/12/release
2026-02-10 21:11:04,101 [INFO] api: Response: 200 | 1ms
2026-02-10 21:11:04,105 [INFO] api: Incoming: POST /api/admin/billing/holds/12/release
2026-02-10 21:11:04,148 [INFO] api: Response: 200 | 43ms
2026-02-10 21:11:04,153 [INFO] api: Incoming: GET /api/admin/billing/holds
2026-02-10 21:11:04,153 [INFO] api: Incoming: GET /api/admin/billing/holds/stats
2026-02-10 21:11:04,180 [INFO] api: Response: 200 | 27ms
2026-02-10 21:11:04,180 [INFO] api: Response: 200 | 29ms
2026-02-10 21:11:07,160 [INFO] api: Incoming: OPTIONS /api/admin/billing/holds/11/release
2026-02-10 21:11:07,162 [INFO] api: Response: 200 | 0ms
2026-02-10 21:11:07,165 [INFO] api: Incoming: POST /api/admin/billing/holds/11/release
2026-02-10 21:11:07,203 [INFO] api: Response: 200 | 37ms
2026-02-10 21:11:07,205 [INFO] api: Incoming: GET /api/admin/billing/holds
2026-02-10 21:11:07,209 [INFO] api: Incoming: GET /api/admin/billing/holds/stats
2026-02-10 21:11:07,230 [INFO] api: Response: 200 | 22ms
2026-02-10 21:11:07,230 [INFO] api: Response: 200 | 24ms
2026-02-11 05:11:12,063 [INFO] api: Incoming: GET /health
2026-02-11 05:11:12,065 [INFO] api: Response: 200 | 2ms
2026-02-10 21:11:12,482 [INFO] api: Incoming: GET /api/admin/billing/holds
2026-02-10 21:11:12,487 [INFO] api: Incoming: GET /api/admin/billing/holds/stats
2026-02-10 21:11:12,513 [INFO] api: Response: 200 | 25ms
2026-02-10 21:11:12,514 [INFO] api: Response: 200 | 31ms
2026-02-10 21:11:14,479 [INFO] api: Incoming: GET /api/v1/wallet/summary
2026-02-10 21:11:14,503 [INFO] api: Response: 200 | 25ms
2026-02-10 21:11:14,507 [INFO] api: Incoming: GET /api/v1/wallet/summary
2026-02-10 21:11:14,527 [INFO] api: Response: 200 | 25ms
2026-02-10 21:11:19,164 [INFO] api: Incoming: GET /api/v1/wallet/summary
2026-02-10 21:11:19,167 [INFO] api: Incoming: GET /api/v1/wallet/lots
2026-02-10 21:11:19,169 [INFO] api: Incoming: GET /api/v1/wallet/ledger
2026-02-10 21:11:19,169 [INFO] api: Incoming: GET /api/v1/wallet/programs
2026-02-10 21:11:19,189 [INFO] api: Response: 200 | 21ms
2026-02-10 21:11:19,189 [INFO] api: Response: 200 | 27ms
2026-02-10 21:11:19,189 [INFO] api: Response: 200 | 26ms
2026-02-10 21:11:19,201 [INFO] api: Response: 200 | 37ms
2026-02-10 21:11:19,203 [INFO] api: Incoming: GET /api/v1/wallet/summary
2026-02-10 21:11:19,226 [INFO] api: Response: 200 | 22ms
2026-02-10 21:11:19,303 [INFO] api: Incoming: GET /api/v1/billing/invoices
2026-02-10 21:11:19,318 [INFO] api: Response: 200 | 13ms
2026-02-10 21:11:24,579 [INFO] api: Incoming: GET /api/v1/wallet/summary
2026-02-10 21:11:24,583 [INFO] api: Incoming: GET /api/v1/wallet/ledger
2026-02-10 21:11:24,585 [INFO] api: Incoming: GET /api/v1/wallet/programs
2026-02-10 21:11:24,592 [INFO] api: Incoming: GET /api/v1/history
2026-02-10 21:11:24,677 [INFO] api: Response: 200 | 86ms
2026-02-10 21:11:24,686 [INFO] api: Response: 200 | 100ms
2026-02-10 21:11:24,686 [INFO] api: Response: 200 | 104ms
2026-02-10 21:11:24,693 [INFO] api: Incoming: GET /api/v1/wallet/ledger
2026-02-10 21:11:24,695 [INFO] api: Incoming: GET /api/v1/history
2026-02-10 21:11:24,697 [INFO] api: Incoming: GET /api/v1/wallet/programs
2026-02-10 21:11:24,699 [INFO] api: Incoming: GET /api/v1/user/token-usage
2026-02-10 21:11:24,780 [INFO] api: Response: 200 | 200ms
2026-02-10 21:11:24,780 [INFO] api: Response: 200 | 87ms
2026-02-10 21:11:24,786 [INFO] api: Incoming: GET /api/v1/wallet/summary
2026-02-10 21:11:24,788 [INFO] api: Response: 200 | 89ms
2026-02-10 21:11:24,795 [INFO] api: Response: 200 | 101ms
2026-02-10 21:11:24,797 [INFO] api: Response: 200 | 98ms
2026-02-10 21:11:24,801 [INFO] api: Incoming: GET /api/v1/user/token-usage
2026-02-10 21:11:24,808 [INFO] api: Incoming: GET /api/v1/user/profile
2026-02-10 21:11:24,808 [INFO] api: Response: 200 | 9ms
2026-02-10 21:11:24,823 [INFO] api: Response: 200 | 14ms
2026-02-10 21:11:24,823 [INFO] api: Response: 200 | 38ms
2026-02-10 21:11:24,827 [INFO] api: Incoming: GET /api/v1/wallet/summary
2026-02-10 21:11:24,828 [INFO] api: Incoming: GET /api/v1/user/profile
2026-02-10 21:11:24,839 [INFO] api: Response: 200 | 11ms
2026-02-10 21:11:24,853 [INFO] api: Response: 200 | 27ms
2026-02-10 21:11:24,853 [INFO] api: Incoming: GET /api/v1/wallet/summary
2026-02-10 21:11:24,881 [INFO] api: Response: 200 | 24ms
2026-02-11 05:11:27,424 [INFO] api: Incoming: GET /health
2026-02-11 05:11:27,427 [INFO] api: Response: 200 | 2ms
2026-02-10 21:11:33,327 [INFO] api: Incoming: GET /api/admin/payments/overview
2026-02-10 21:11:33,353 [INFO] api: Response: 200 | 25ms
2026-02-10 21:11:33,362 [INFO] api: Incoming: GET /api/admin/payments/overview
2026-02-10 21:11:33,385 [INFO] api: Response: 200 | 22ms
2026-02-10 21:11:34,253 [INFO] api: Incoming: OPTIONS /api/v1/admin/stats/dashboard
2026-02-10 21:11:34,253 [INFO] api: Response: 200 | 0ms
2026-02-10 21:11:34,255 [INFO] api: Incoming: GET /api/v1/admin/stats/dashboard
2026-02-10 21:11:34,261 [INFO] api: Incoming: OPTIONS /api/v1/admin/stats/model-routing
2026-02-10 21:11:34,262 [INFO] api: Incoming: OPTIONS /api/v1/admin/solve-traces
2026-02-10 21:11:34,262 [INFO] api: Incoming: OPTIONS /api/v1/admin/analytics/overview
2026-02-10 21:11:34,265 [INFO] api: Response: 200 | 4ms
2026-02-10 21:11:35,438 [ERROR] root: OpenAI usage fetch failed: 400 Client Error: Bad Request for url: https://api.openai.com/v1/usage?start_date=2026-02-11&end_date=2026-02-11
2026-02-10 21:11:36,466 [ERROR] root: OpenAI usage fetch failed: 400 Client Error: Bad Request for url: https://api.openai.com/v1/usage?start_date=2026-02-01&end_date=2026-02-11
2026-02-10 21:11:36,468 [INFO] api: Incoming: OPTIONS /api/v1/admin/analytics/errors
2026-02-10 21:11:36,471 [INFO] api: Response: 200 | 2209ms
2026-02-10 21:11:36,473 [INFO] api: Incoming: OPTIONS /api/v1/admin/analytics/anomalies
2026-02-10 21:11:36,473 [INFO] api: Response: 200 | 2209ms
2026-02-10 21:11:36,473 [INFO] api: Incoming: GET /api/v1/admin/stats/dashboard
2026-02-10 21:11:36,476 [INFO] api: Response: 200 | 6ms
2026-02-10 21:11:36,479 [INFO] api: Response: 200 | 6ms
2026-02-10 21:11:36,479 [INFO] api: Incoming: OPTIONS /api/v1/admin/stats/model-routing
2026-02-10 21:11:36,482 [INFO] api: Incoming: OPTIONS /api/v1/admin/solve-traces
2026-02-10 21:11:36,482 [INFO] api: Response: 200 | 2226ms
2026-02-10 21:11:36,482 [INFO] api: Incoming: OPTIONS /api/v1/admin/analytics/overview
2026-02-10 21:11:36,486 [INFO] api: Response: 200 | 7ms
2026-02-10 21:11:36,488 [INFO] api: Incoming: OPTIONS /api/v1/admin/analytics/errors
2026-02-10 21:11:36,488 [INFO] api: Response: 200 | 6ms
2026-02-10 21:11:36,489 [INFO] api: Incoming: OPTIONS /api/v1/admin/analytics/anomalies
2026-02-10 21:11:36,491 [INFO] api: Response: 200 | 6ms
2026-02-10 21:11:36,495 [INFO] api: Response: 200 | 7ms
2026-02-10 21:11:36,503 [INFO] api: Response: 200 | 13ms
2026-02-10 21:11:37,485 [ERROR] root: OpenAI usage fetch failed: 400 Client Error: Bad Request for url: https://api.openai.com/v1/usage?start_date=2026-02-11&end_date=2026-02-11
2026-02-10 21:11:38,507 [ERROR] root: OpenAI usage fetch failed: 400 Client Error: Bad Request for url: https://api.openai.com/v1/usage?start_date=2026-02-01&end_date=2026-02-11
2026-02-10 21:11:38,514 [INFO] api: Incoming: OPTIONS /api/v1/config/token-policy
2026-02-10 21:11:38,517 [INFO] api: Incoming: OPTIONS /api/v1/admin/system-config
2026-02-10 21:11:38,517 [INFO] api: Incoming: OPTIONS /api/v1/config/token-policy
2026-02-10 21:11:38,517 [INFO] api: Response: 200 | 5ms
2026-02-10 21:11:38,517 [INFO] api: Incoming: OPTIONS /api/v1/admin/system-config
2026-02-10 21:11:38,523 [INFO] api: Response: 200 | 6ms
2026-02-10 21:11:38,523 [INFO] api: Incoming: GET /api/v1/admin/stats/model-routing
2026-02-10 21:11:38,527 [INFO] api: Response: 200 | 8ms
2026-02-10 21:11:38,527 [INFO] api: Response: 200 | 10ms
2026-02-10 21:11:38,527 [INFO] api: Response: 200 | 2058ms
2026-02-10 21:11:38,536 [INFO] api: Incoming: GET /api/v1/admin/solve-traces
2026-02-10 21:11:38,539 [INFO] api: Incoming: GET /api/v1/admin/analytics/overview
2026-02-10 21:11:38,539 [INFO] api: Incoming: GET /api/v1/admin/analytics/errors
2026-02-10 21:11:38,542 [INFO] api: Incoming: GET /api/v1/admin/analytics/anomalies
2026-02-10 21:11:38,548 [INFO] api: Incoming: GET /api/v1/config/token-policy
2026-02-10 21:11:38,612 [INFO] api: Response: 200 | 89ms
2026-02-10 21:11:38,618 [INFO] api: Response: 200 | 82ms
2026-02-10 21:11:38,618 [INFO] api: Response: 200 | 71ms
2026-02-10 21:11:38,618 [INFO] api: Response: 200 | 80ms
2026-02-10 21:11:38,618 [INFO] api: Response: 200 | 78ms
2026-02-10 21:11:38,618 [INFO] api: Incoming: GET /api/v1/admin/system-config
2026-02-10 21:11:38,625 [INFO] api: Response: 200 | 85ms
2026-02-10 21:11:38,636 [INFO] api: Response: 200 | 11ms
2026-02-11 05:11:42,824 [INFO] api: Incoming: GET /health
2026-02-11 05:11:42,827 [INFO] api: Response: 200 | 3ms
2026-02-11 05:11:58,130 [INFO] api: Incoming: GET /health
2026-02-11 05:11:58,144 [INFO] api: Response: 200 | 13ms
2026-02-11 05:12:13,512 [INFO] api: Incoming: GET /health
2026-02-11 05:12:13,514 [INFO] api: Response: 200 | 2ms
2026-02-11 05:12:28,886 [INFO] api: Incoming: GET /health
2026-02-11 05:12:28,891 [INFO] api: Response: 200 | 5ms
2026-02-11 05:12:44,378 [INFO] api: Incoming: GET /health
2026-02-11 05:12:44,384 [INFO] api: Response: 200 | 6ms
2026-02-11 05:12:59,670 [INFO] api: Incoming: GET /health
2026-02-11 05:12:59,672 [INFO] api: Response: 200 | 1ms
2026-02-11 05:13:15,207 [INFO] api: Incoming: GET /health
2026-02-11 05:13:15,209 [INFO] api: Response: 200 | 2ms
2026-02-10 21:13:24,855 [INFO] api: Incoming: POST /api/v1/user/heartbeat
2026-02-10 21:13:24,871 [INFO] api: Response: 200 | 16ms
2026-02-11 05:13:30,677 [INFO] api: Incoming: GET /health
2026-02-11 05:13:30,681 [INFO] api: Response: 200 | 4ms
2026-02-11 05:13:46,039 [INFO] api: Incoming: GET /health
2026-02-11 05:13:46,041 [INFO] api: Response: 200 | 2ms
2026-02-11 05:14:01,461 [INFO] api: Incoming: GET /health
2026-02-11 05:14:01,463 [INFO] api: Response: 200 | 1ms
2026-02-11 05:14:16,810 [INFO] api: Incoming: GET /health
2026-02-11 05:14:16,813 [INFO] api: Response: 200 | 3ms
2026-02-11 05:14:32,210 [INFO] api: Incoming: GET /health
2026-02-11 05:14:32,218 [INFO] api: Response: 200 | 8ms
2026-02-11 05:14:47,611 [INFO] api: Incoming: GET /health
2026-02-11 05:14:47,613 [INFO] api: Response: 200 | 2ms
2026-02-11 05:15:03,051 [INFO] api: Incoming: GET /health
2026-02-11 05:15:03,056 [INFO] api: Response: 200 | 5ms
2026-02-11 05:15:18,493 [INFO] api: Incoming: GET /health
2026-02-11 05:15:18,495 [INFO] api: Response: 200 | 1ms
2026-02-10 21:15:24,853 [INFO] api: Incoming: POST /api/v1/user/heartbeat
2026-02-10 21:15:24,867 [INFO] api: Response: 200 | 16ms
2026-02-11 05:15:33,859 [INFO] api: Incoming: GET /health
2026-02-11 05:15:33,861 [INFO] api: Response: 200 | 1ms
2026-02-11 05:15:49,279 [INFO] api: Incoming: GET /health
2026-02-11 05:15:49,281 [INFO] api: Response: 200 | 2ms
2026-02-11 05:16:04,659 [INFO] api: Incoming: GET /health
2026-02-11 05:16:04,661 [INFO] api: Response: 200 | 2ms
2026-02-11 05:16:20,037 [INFO] api: Incoming: GET /health
2026-02-11 05:16:20,041 [INFO] api: Response: 200 | 4ms
2026-02-11 05:16:35,567 [INFO] api: Incoming: GET /health
2026-02-11 05:16:35,572 [INFO] api: Response: 200 | 4ms
2026-02-11 05:16:50,966 [INFO] api: Incoming: GET /health
2026-02-11 05:16:50,969 [INFO] api: Response: 200 | 2ms
2026-02-11 05:17:06,279 [INFO] api: Incoming: GET /health
2026-02-11 05:17:06,281 [INFO] api: Response: 200 | 2ms
2026-02-11 05:17:21,729 [INFO] api: Incoming: GET /health
2026-02-11 05:17:21,731 [INFO] api: Response: 200 | 2ms
2026-02-10 21:17:24,866 [INFO] api: Incoming: POST /api/v1/user/heartbeat
2026-02-10 21:17:24,886 [INFO] api: Response: 200 | 20ms
2026-02-11 05:17:37,011 [INFO] api: Incoming: GET /health
2026-02-11 05:17:37,013 [INFO] api: Response: 200 | 2ms
2026-02-11 05:17:52,317 [INFO] api: Incoming: GET /health
2026-02-11 05:17:52,319 [INFO] api: Response: 200 | 1ms
2026-02-11 05:18:07,762 [INFO] api: Incoming: GET /health
2026-02-11 05:18:07,768 [INFO] api: Response: 200 | 6ms
2026-02-11 05:18:23,201 [INFO] api: Incoming: GET /health
2026-02-11 05:18:23,207 [INFO] api: Response: 200 | 6ms
2026-02-11 05:18:38,543 [INFO] api: Incoming: GET /health
2026-02-11 05:18:38,545 [INFO] api: Response: 200 | 2ms
2026-02-11 05:18:53,945 [INFO] api: Incoming: GET /health
2026-02-11 05:18:53,948 [INFO] api: Response: 200 | 3ms
2026-02-11 05:19:09,356 [INFO] api: Incoming: GET /health
2026-02-11 05:19:09,359 [INFO] api: Response: 200 | 2ms
2026-02-11 05:19:24,705 [INFO] api: Incoming: GET /health
2026-02-11 05:19:24,708 [INFO] api: Response: 200 | 3ms
2026-02-10 21:19:24,854 [INFO] api: Incoming: POST /api/v1/user/heartbeat
2026-02-10 21:19:24,869 [INFO] api: Response: 200 | 14ms
2026-02-11 05:19:40,190 [INFO] api: Incoming: GET /health
2026-02-11 05:19:40,210 [INFO] api: Response: 200 | 20ms
2026-02-11 05:19:55,537 [INFO] api: Incoming: GET /health
2026-02-11 05:19:55,539 [INFO] api: Response: 200 | 2ms
2026-02-11 05:20:11,180 [INFO] api: Incoming: GET /health
2026-02-11 05:20:11,197 [INFO] api: Response: 200 | 17ms
2026-02-11 05:20:26,645 [INFO] api: Incoming: GET /health
2026-02-11 05:20:26,653 [INFO] api: Response: 200 | 7ms
2026-02-11 05:20:42,056 [INFO] api: Incoming: GET /health
2026-02-11 05:20:42,063 [INFO] api: Response: 200 | 7ms
2026-02-11 05:20:57,483 [INFO] api: Incoming: GET /health
2026-02-11 05:20:57,487 [INFO] api: Response: 200 | 4ms
2026-02-11 05:21:12,923 [INFO] api: Incoming: GET /health
2026-02-11 05:21:12,931 [INFO] api: Response: 200 | 8ms
2026-02-10 21:21:24,863 [INFO] api: Incoming: POST /api/v1/user/heartbeat
2026-02-10 21:21:24,891 [INFO] api: Response: 200 | 27ms
2026-02-11 05:21:28,285 [INFO] api: Incoming: GET /health
2026-02-11 05:21:28,287 [INFO] api: Response: 200 | 1ms
2026-02-11 05:21:43,636 [INFO] api: Incoming: GET /health
2026-02-11 05:21:43,642 [INFO] api: Response: 200 | 5ms
2026-02-11 05:21:59,156 [INFO] api: Incoming: GET /health
2026-02-11 05:21:59,159 [INFO] api: Response: 200 | 2ms
2026-02-11 05:22:14,589 [INFO] api: Incoming: GET /health
2026-02-11 05:22:14,598 [INFO] api: Response: 200 | 9ms
2026-02-11 05:22:29,927 [INFO] api: Incoming: GET /health
2026-02-11 05:22:29,929 [INFO] api: Response: 200 | 1ms
2026-02-11 05:22:45,411 [INFO] api: Incoming: GET /health
2026-02-11 05:22:45,414 [INFO] api: Response: 200 | 2ms
2026-02-11 05:23:00,801 [INFO] api: Incoming: GET /health
2026-02-11 05:23:00,808 [INFO] api: Response: 200 | 6ms
2026-02-11 05:23:16,139 [INFO] api: Incoming: GET /health
2026-02-11 05:23:16,141 [INFO] api: Response: 200 | 2ms
2026-02-11 05:23:31,485 [INFO] api: Incoming: GET /health
2026-02-11 05:23:31,488 [INFO] api: Response: 200 | 2ms
2026-02-11 05:23:46,841 [INFO] api: Incoming: GET /health
2026-02-11 05:23:46,852 [INFO] api: Response: 200 | 11ms
2026-02-11 05:24:02,246 [INFO] api: Incoming: GET /health
2026-02-11 05:24:02,249 [INFO] api: Response: 200 | 2ms
2026-02-11 05:24:17,718 [INFO] api: Incoming: GET /health
2026-02-11 05:24:17,720 [INFO] api: Response: 200 | 2ms
2026-02-11 05:24:33,102 [INFO] api: Incoming: GET /health
2026-02-11 05:24:33,104 [INFO] api: Response: 200 | 2ms
2026-02-11 05:24:48,479 [INFO] api: Incoming: GET /health
2026-02-11 05:24:48,482 [INFO] api: Response: 200 | 3ms
2026-02-11 05:25:03,989 [INFO] api: Incoming: GET /health
2026-02-11 05:25:03,999 [INFO] api: Response: 200 | 10ms
2026-02-11 05:25:19,405 [INFO] api: Incoming: GET /health
2026-02-11 05:25:19,408 [INFO] api: Response: 200 | 2ms
2026-02-11 05:25:34,753 [INFO] api: Incoming: GET /health
2026-02-11 05:25:34,755 [INFO] api: Response: 200 | 2ms
2026-02-11 05:25:50,165 [INFO] api: Incoming: GET /health
2026-02-11 05:25:50,168 [INFO] api: Response: 200 | 2ms
2026-02-11 05:26:05,482 [INFO] api: Incoming: GET /health
2026-02-11 05:26:05,484 [INFO] api: Response: 200 | 1ms
2026-02-11 05:26:21,025 [INFO] api: Incoming: GET /health
2026-02-11 05:26:21,027 [INFO] api: Response: 200 | 2ms
2026-02-11 05:26:36,418 [INFO] api: Incoming: GET /health
2026-02-11 05:26:36,420 [INFO] api: Response: 200 | 2ms
2026-02-11 05:26:51,875 [INFO] api: Incoming: GET /health
2026-02-11 05:26:51,877 [INFO] api: Response: 200 | 2ms
2026-02-11 05:27:07,380 [INFO] api: Incoming: GET /health
2026-02-11 05:27:07,383 [INFO] api: Response: 200 | 3ms
2026-02-11 05:27:22,723 [INFO] api: Incoming: GET /health
2026-02-11 05:27:22,725 [INFO] api: Response: 200 | 2ms
2026-02-11 05:27:38,101 [INFO] api: Incoming: GET /health
2026-02-11 05:27:38,105 [INFO] api: Response: 200 | 3ms
2026-02-11 05:27:53,618 [INFO] api: Incoming: GET /health
2026-02-11 05:27:53,620 [INFO] api: Response: 200 | 2ms
2026-02-11 05:28:08,991 [INFO] api: Incoming: GET /health
2026-02-11 05:28:08,993 [INFO] api: Response: 200 | 1ms
2026-02-11 05:28:24,417 [INFO] api: Incoming: GET /health
2026-02-11 05:28:24,421 [INFO] api: Response: 200 | 3ms
2026-02-11 05:28:39,935 [INFO] api: Incoming: GET /health
2026-02-11 05:28:39,941 [INFO] api: Response: 200 | 5ms
2026-02-11 05:28:55,410 [INFO] api: Incoming: GET /health
2026-02-11 05:28:55,414 [INFO] api: Response: 200 | 4ms
2026-02-11 05:29:10,983 [INFO] api: Incoming: GET /health
2026-02-11 05:29:10,986 [INFO] api: Response: 200 | 2ms
2026-02-11 05:29:26,631 [INFO] api: Incoming: GET /health
2026-02-11 05:29:26,636 [INFO] api: Response: 200 | 5ms
2026-02-11 05:29:41,995 [INFO] api: Incoming: GET /health
2026-02-11 05:29:41,997 [INFO] api: Response: 200 | 2ms
2026-02-11 05:29:57,713 [INFO] api: Incoming: GET /health
2026-02-11 05:29:57,724 [INFO] api: Response: 200 | 10ms
2026-02-11 05:30:13,088 [INFO] api: Incoming: GET /health
2026-02-11 05:30:13,090 [INFO] api: Response: 200 | 2ms
2026-02-11 05:30:28,536 [INFO] api: Incoming: GET /health
2026-02-11 05:30:28,539 [INFO] api: Response: 200 | 3ms
2026-02-11 05:30:43,992 [INFO] api: Incoming: GET /health
2026-02-11 05:30:43,995 [INFO] api: Response: 200 | 2ms
2026-02-11 05:30:59,541 [INFO] api: Incoming: GET /health
2026-02-11 05:30:59,545 [INFO] api: Response: 200 | 3ms
2026-02-11 05:31:14,976 [INFO] api: Incoming: GET /health
2026-02-11 05:31:14,978 [INFO] api: Response: 200 | 2ms
2026-02-11 05:31:30,414 [INFO] api: Incoming: GET /health
2026-02-11 05:31:30,417 [INFO] api: Response: 200 | 2ms
2026-02-11 05:31:45,916 [INFO] api: Incoming: GET /health
2026-02-11 05:31:45,918 [INFO] api: Response: 200 | 1ms
2026-02-11 05:32:01,321 [INFO] api: Incoming: GET /health
2026-02-11 05:32:01,326 [INFO] api: Response: 200 | 4ms
2026-02-11 05:32:16,984 [INFO] api: Incoming: GET /health
2026-02-11 05:32:16,987 [INFO] api: Response: 200 | 2ms
2026-02-11 05:32:32,417 [INFO] api: Incoming: GET /health
2026-02-11 05:32:32,419 [INFO] api: Response: 200 | 1ms
2026-02-11 05:32:47,764 [INFO] api: Incoming: GET /health
2026-02-11 05:32:47,767 [INFO] api: Response: 200 | 3ms
2026-02-11 05:33:03,069 [INFO] api: Incoming: GET /health
2026-02-11 05:33:03,073 [INFO] api: Response: 200 | 4ms
2026-02-11 05:33:18,576 [INFO] api: Incoming: GET /health
2026-02-11 05:33:18,579 [INFO] api: Response: 200 | 2ms
2026-02-11 05:33:33,886 [INFO] api: Incoming: GET /health
2026-02-11 05:33:33,888 [INFO] api: Response: 200 | 2ms
2026-02-11 05:33:49,253 [INFO] api: Incoming: GET /health
2026-02-11 05:33:49,255 [INFO] api: Response: 200 | 2ms
2026-02-11 05:34:04,844 [INFO] api: Incoming: GET /health
2026-02-11 05:34:04,847 [INFO] api: Response: 200 | 3ms
2026-02-11 05:34:20,239 [INFO] api: Incoming: GET /health
2026-02-11 05:34:20,248 [INFO] api: Response: 200 | 8ms
2026-02-11 05:34:35,912 [INFO] api: Incoming: GET /health
2026-02-11 05:34:35,914 [INFO] api: Response: 200 | 2ms
2026-02-11 05:34:51,314 [INFO] api: Incoming: GET /health
2026-02-11 05:34:51,317 [INFO] api: Response: 200 | 2ms
2026-02-11 05:35:06,655 [INFO] api: Incoming: GET /health
2026-02-11 05:35:06,659 [INFO] api: Response: 200 | 4ms
2026-02-11 05:35:22,043 [INFO] api: Incoming: GET /health
2026-02-11 05:35:22,047 [INFO] api: Response: 200 | 4ms
2026-02-11 05:35:37,376 [INFO] api: Incoming: GET /health
2026-02-11 05:35:37,378 [INFO] api: Response: 200 | 1ms
2026-02-11 05:35:52,917 [INFO] api: Incoming: GET /health
2026-02-11 05:35:52,919 [INFO] api: Response: 200 | 2ms
2026-02-11 05:36:08,223 [INFO] api: Incoming: GET /health
2026-02-11 05:36:08,226 [INFO] api: Response: 200 | 2ms
2026-02-11 05:36:23,569 [INFO] api: Incoming: GET /health
2026-02-11 05:36:23,571 [INFO] api: Response: 200 | 2ms
2026-02-11 05:36:38,901 [INFO] api: Incoming: GET /health
2026-02-11 05:36:38,903 [INFO] api: Response: 200 | 1ms
2026-02-11 05:36:54,313 [INFO] api: Incoming: GET /health
2026-02-11 05:36:54,315 [INFO] api: Response: 200 | 2ms
2026-02-11 05:37:09,655 [INFO] api: Incoming: GET /health
2026-02-11 05:37:09,658 [INFO] api: Response: 200 | 2ms
2026-02-11 05:37:25,003 [INFO] api: Incoming: GET /health
2026-02-11 05:37:25,005 [INFO] api: Response: 200 | 1ms
2026-02-11 05:37:40,606 [INFO] api: Incoming: GET /health
2026-02-11 05:37:40,609 [INFO] api: Response: 200 | 2ms
2026-02-11 05:37:55,946 [INFO] api: Incoming: GET /health
2026-02-11 05:37:55,948 [INFO] api: Response: 200 | 2ms
2026-02-11 05:38:11,413 [INFO] api: Incoming: GET /health
2026-02-11 05:38:11,415 [INFO] api: Response: 200 | 2ms
2026-02-11 05:38:26,791 [INFO] api: Incoming: GET /health
2026-02-11 05:38:26,804 [INFO] api: Response: 200 | 12ms
2026-02-11 05:38:42,162 [INFO] api: Incoming: GET /health
2026-02-11 05:38:42,171 [INFO] api: Response: 200 | 9ms
2026-02-11 05:38:57,826 [INFO] api: Incoming: GET /health
2026-02-11 05:38:57,857 [INFO] api: Response: 200 | 31ms
2026-02-11 05:39:13,222 [INFO] api: Incoming: GET /health
2026-02-11 05:39:13,224 [INFO] api: Response: 200 | 2ms
2026-02-11 05:39:28,693 [INFO] api: Incoming: GET /health
2026-02-11 05:39:28,696 [INFO] api: Response: 200 | 3ms
2026-02-11 05:39:44,197 [INFO] api: Incoming: GET /health
2026-02-11 05:39:44,199 [INFO] api: Response: 200 | 1ms
2026-02-11 05:39:59,652 [INFO] api: Incoming: GET /health
2026-02-11 05:39:59,655 [INFO] api: Response: 200 | 3ms
2026-02-11 05:40:15,016 [INFO] api: Incoming: GET /health
2026-02-11 05:40:15,024 [INFO] api: Response: 200 | 7ms
2026-02-11 05:40:30,556 [INFO] api: Incoming: GET /health
2026-02-11 05:40:30,557 [INFO] api: Response: 200 | 2ms
2026-02-11 05:40:45,901 [INFO] api: Incoming: GET /health
2026-02-11 05:40:45,903 [INFO] api: Response: 200 | 1ms
2026-02-11 05:41:01,618 [INFO] api: Incoming: GET /health
2026-02-11 05:41:01,620 [INFO] api: Response: 200 | 2ms
2026-02-11 15:25:56,308 [INFO] api: Incoming: GET /health
2026-02-11 15:25:56,316 [INFO] api: Response: 200 | 8ms
2026-02-11 15:26:11,559 [INFO] api: Incoming: GET /health
2026-02-11 15:26:11,566 [INFO] api: Response: 200 | 7ms
2026-02-11 15:26:26,770 [INFO] api: Incoming: GET /health
2026-02-11 15:26:26,772 [INFO] api: Response: 200 | 1ms
2026-02-11 15:26:41,966 [INFO] api: Incoming: GET /health
2026-02-11 15:26:41,968 [INFO] api: Response: 200 | 1ms
2026-02-11 15:26:57,191 [INFO] api: Incoming: GET /health
2026-02-11 15:26:57,192 [INFO] api: Response: 200 | 1ms
2026-02-11 15:27:12,382 [INFO] api: Incoming: GET /health
2026-02-11 15:27:12,383 [INFO] api: Response: 200 | 1ms
2026-02-11 15:27:27,646 [INFO] api: Incoming: GET /health
2026-02-11 15:27:27,649 [INFO] api: Response: 200 | 2ms
2026-02-11 15:27:42,863 [INFO] api: Incoming: GET /health
2026-02-11 15:27:42,864 [INFO] api: Response: 200 | 1ms
2026-02-11 15:27:58,081 [INFO] api: Incoming: GET /health
2026-02-11 15:27:58,083 [INFO] api: Response: 200 | 1ms
2026-02-11 15:28:13,301 [INFO] api: Incoming: GET /health
2026-02-11 15:28:13,303 [INFO] api: Response: 200 | 1ms
2026-02-11 15:28:28,541 [INFO] api: Incoming: GET /health
2026-02-11 15:28:28,545 [INFO] api: Response: 200 | 4ms
2026-02-11 15:28:43,765 [INFO] api: Incoming: GET /health
2026-02-11 15:28:43,767 [INFO] api: Response: 200 | 1ms
2026-02-11 15:28:58,989 [INFO] api: Incoming: GET /health
2026-02-11 15:28:58,990 [INFO] api: Response: 200 | 1ms
2026-02-11 15:29:14,217 [INFO] api: Incoming: GET /health
2026-02-11 15:29:14,218 [INFO] api: Response: 200 | 1ms
2026-02-11 15:29:29,435 [INFO] api: Incoming: GET /health
2026-02-11 15:29:29,437 [INFO] api: Response: 200 | 1ms
2026-02-11 15:29:44,654 [INFO] api: Incoming: GET /health
2026-02-11 15:29:44,655 [INFO] api: Response: 200 | 1ms
2026-02-11 15:29:59,864 [INFO] api: Incoming: GET /health
2026-02-11 15:29:59,866 [INFO] api: Response: 200 | 1ms
2026-02-11 15:30:15,074 [INFO] api: Incoming: GET /health
2026-02-11 15:30:15,075 [INFO] api: Response: 200 | 1ms
2026-02-11 15:30:30,282 [INFO] api: Incoming: GET /health
2026-02-11 15:30:30,284 [INFO] api: Response: 200 | 2ms
2026-02-11 15:30:45,505 [INFO] api: Incoming: GET /health
2026-02-11 15:30:45,507 [INFO] api: Response: 200 | 1ms
2026-02-11 15:31:00,732 [INFO] api: Incoming: GET /health
2026-02-11 15:31:00,734 [INFO] api: Response: 200 | 1ms
2026-02-11 15:31:15,941 [INFO] api: Incoming: GET /health
2026-02-11 15:31:15,942 [INFO] api: Response: 200 | 1ms
2026-02-11 15:31:31,170 [INFO] api: Incoming: GET /health
2026-02-11 15:31:31,171 [INFO] api: Response: 200 | 1ms
2026-02-11 15:31:46,386 [INFO] api: Incoming: GET /health
2026-02-11 15:31:46,387 [INFO] api: Response: 200 | 1ms
2026-02-11 15:32:01,616 [INFO] api: Incoming: GET /health
2026-02-11 15:32:01,617 [INFO] api: Response: 200 | 1ms
2026-02-11 15:32:16,854 [INFO] api: Incoming: GET /health
2026-02-11 15:32:16,856 [INFO] api: Response: 200 | 2ms
2026-02-11 15:32:32,095 [INFO] api: Incoming: GET /health
2026-02-11 15:32:32,098 [INFO] api: Response: 200 | 3ms
2026-02-11 15:32:47,333 [INFO] api: Incoming: GET /health
2026-02-11 15:32:47,338 [INFO] api: Response: 200 | 5ms
2026-02-11 15:33:02,593 [INFO] api: Incoming: GET /health
2026-02-11 15:33:02,599 [INFO] api: Response: 200 | 5ms
2026-02-11 15:33:17,820 [INFO] api: Incoming: GET /health
2026-02-11 15:33:17,822 [INFO] api: Response: 200 | 1ms
2026-02-11 15:33:33,058 [INFO] api: Incoming: GET /health
2026-02-11 15:33:33,060 [INFO] api: Response: 200 | 2ms
2026-02-11 15:33:48,283 [INFO] api: Incoming: GET /health
2026-02-11 15:33:48,286 [INFO] api: Response: 200 | 2ms
2026-02-11 15:34:03,501 [INFO] api: Incoming: GET /health
2026-02-11 15:34:03,503 [INFO] api: Response: 200 | 1ms
2026-02-11 15:34:18,739 [INFO] api: Incoming: GET /health
2026-02-11 15:34:18,741 [INFO] api: Response: 200 | 1ms
2026-02-11 15:34:33,985 [INFO] api: Incoming: GET /health
2026-02-11 15:34:33,988 [INFO] api: Response: 200 | 3ms
2026-02-11 15:34:49,216 [INFO] api: Incoming: GET /health
2026-02-11 15:34:49,217 [INFO] api: Response: 200 | 1ms
2026-02-11 15:35:04,433 [INFO] api: Incoming: GET /health
2026-02-11 15:35:04,435 [INFO] api: Response: 200 | 2ms
2026-02-11 15:35:19,655 [INFO] api: Incoming: GET /health
2026-02-11 15:35:19,657 [INFO] api: Response: 200 | 1ms
2026-02-11 15:35:34,882 [INFO] api: Incoming: GET /health
2026-02-11 15:35:34,886 [INFO] api: Response: 200 | 3ms
2026-02-11 15:35:50,123 [INFO] api: Incoming: GET /health
2026-02-11 15:35:50,125 [INFO] api: Response: 200 | 1ms
2026-02-11 15:36:05,361 [INFO] api: Incoming: GET /health
2026-02-11 15:36:05,366 [INFO] api: Response: 200 | 4ms
2026-02-11 15:36:20,589 [INFO] api: Incoming: GET /health
2026-02-11 15:36:20,591 [INFO] api: Response: 200 | 1ms
2026-02-11 15:36:35,839 [INFO] api: Incoming: GET /health
2026-02-11 15:36:35,840 [INFO] api: Response: 200 | 1ms
2026-02-11 15:36:51,066 [INFO] api: Incoming: GET /health
2026-02-11 15:36:51,069 [INFO] api: Response: 200 | 2ms
2026-02-11 15:37:06,328 [INFO] api: Incoming: GET /health
2026-02-11 15:37:06,330 [INFO] api: Response: 200 | 1ms
2026-02-11 15:37:21,593 [INFO] api: Incoming: GET /health
2026-02-11 15:37:21,595 [INFO] api: Response: 200 | 2ms
2026-02-11 15:37:36,873 [INFO] api: Incoming: GET /health
2026-02-11 15:37:36,874 [INFO] api: Response: 200 | 1ms
2026-02-11 15:37:52,121 [INFO] api: Incoming: GET /health
2026-02-11 15:37:52,123 [INFO] api: Response: 200 | 1ms
2026-02-11 15:38:07,374 [INFO] api: Incoming: GET /health
2026-02-11 15:38:07,376 [INFO] api: Response: 200 | 2ms
2026-02-11 15:38:22,593 [INFO] api: Incoming: GET /health
2026-02-11 15:38:22,595 [INFO] api: Response: 200 | 1ms
2026-02-11 15:38:37,820 [INFO] api: Incoming: GET /health
2026-02-11 15:38:37,822 [INFO] api: Response: 200 | 1ms
2026-02-11 15:38:53,064 [INFO] api: Incoming: GET /health
2026-02-11 15:38:53,066 [INFO] api: Response: 200 | 1ms
2026-02-11 15:39:08,303 [INFO] api: Incoming: GET /health
2026-02-11 15:39:08,305 [INFO] api: Response: 200 | 1ms
2026-02-11 15:39:23,545 [INFO] api: Incoming: GET /health
2026-02-11 15:39:23,547 [INFO] api: Response: 200 | 1ms
2026-02-11 15:39:41,869 [INFO] api: Incoming: GET /health
2026-02-11 15:39:41,871 [INFO] api: Response: 200 | 1ms
2026-02-11 15:39:57,104 [INFO] api: Incoming: GET /health
2026-02-11 15:39:57,106 [INFO] api: Response: 200 | 1ms
2026-02-11 15:40:12,353 [INFO] api: Incoming: GET /health
2026-02-11 15:40:12,358 [INFO] api: Response: 200 | 5ms
2026-02-11 15:40:27,600 [INFO] api: Incoming: GET /health
2026-02-11 15:40:27,602 [INFO] api: Response: 200 | 1ms
2026-02-11 15:40:42,822 [INFO] api: Incoming: GET /health
2026-02-11 15:40:42,823 [INFO] api: Response: 200 | 1ms
2026-02-11 15:40:58,059 [INFO] api: Incoming: GET /health
2026-02-11 15:40:58,060 [INFO] api: Response: 200 | 1ms
2026-02-11 15:41:14,337 [INFO] api: Incoming: GET /health
2026-02-11 15:41:14,340 [INFO] api: Response: 200 | 3ms
2026-02-11 15:41:29,573 [INFO] api: Incoming: GET /health
2026-02-11 15:41:29,577 [INFO] api: Response: 200 | 4ms
2026-02-11 15:41:44,824 [INFO] api: Incoming: GET /health
2026-02-11 15:41:44,826 [INFO] api: Response: 200 | 1ms
2026-02-11 15:42:00,054 [INFO] api: Incoming: GET /health
2026-02-11 15:42:00,056 [INFO] api: Response: 200 | 1ms
2026-02-11 16:44:46,802 [INFO] api: Incoming: GET /health
2026-02-11 16:44:46,803 [INFO] api: Response: 200 | 1ms
2026-02-11 16:45:02,024 [INFO] api: Incoming: GET /health
2026-02-11 16:45:02,026 [INFO] api: Response: 200 | 1ms
2026-02-11 16:45:17,254 [INFO] api: Incoming: GET /health
2026-02-11 16:45:17,257 [INFO] api: Response: 200 | 2ms
2026-02-11 16:45:32,496 [INFO] api: Incoming: GET /health
2026-02-11 16:45:32,498 [INFO] api: Response: 200 | 1ms
2026-02-11 16:45:47,721 [INFO] api: Incoming: GET /health
2026-02-11 16:45:47,724 [INFO] api: Response: 200 | 2ms
2026-02-11 16:46:02,987 [INFO] api: Incoming: GET /health
2026-02-11 16:46:02,993 [INFO] api: Response: 200 | 5ms
2026-02-11 16:46:18,251 [INFO] api: Incoming: GET /health
2026-02-11 16:46:18,252 [INFO] api: Response: 200 | 1ms
2026-02-11 16:46:33,488 [INFO] api: Incoming: GET /health
2026-02-11 16:46:33,490 [INFO] api: Response: 200 | 1ms
2026-02-11 16:46:48,718 [INFO] api: Incoming: GET /health
2026-02-11 16:46:48,720 [INFO] api: Response: 200 | 2ms
2026-02-11 16:47:03,949 [INFO] api: Incoming: GET /health
2026-02-11 16:47:03,951 [INFO] api: Response: 200 | 2ms
2026-02-11 16:47:19,186 [INFO] api: Incoming: GET /health
2026-02-11 16:47:19,188 [INFO] api: Response: 200 | 1ms
2026-02-11 16:47:34,424 [INFO] api: Incoming: GET /health
2026-02-11 16:47:34,427 [INFO] api: Response: 200 | 3ms
2026-02-11 16:47:49,719 [INFO] api: Incoming: GET /health
2026-02-11 16:47:49,721 [INFO] api: Response: 200 | 2ms
2026-02-11 16:48:04,935 [INFO] api: Incoming: GET /health
2026-02-11 16:48:04,937 [INFO] api: Response: 200 | 1ms
2026-02-11 16:48:20,150 [INFO] api: Incoming: GET /health
2026-02-11 16:48:20,152 [INFO] api: Response: 200 | 2ms
2026-02-11 16:48:35,371 [INFO] api: Incoming: GET /health
2026-02-11 16:48:35,373 [INFO] api: Response: 200 | 1ms
2026-02-11 16:48:50,573 [INFO] api: Incoming: GET /health
2026-02-11 16:48:50,574 [INFO] api: Response: 200 | 1ms
2026-02-11 16:49:05,803 [INFO] api: Incoming: GET /health
2026-02-11 16:49:05,806 [INFO] api: Response: 200 | 2ms
2026-02-11 16:49:21,014 [INFO] api: Incoming: GET /health
2026-02-11 16:49:21,015 [INFO] api: Response: 200 | 1ms
2026-02-11 16:49:36,238 [INFO] api: Incoming: GET /health
2026-02-11 16:49:36,240 [INFO] api: Response: 200 | 1ms
2026-02-11 16:49:51,468 [INFO] api: Incoming: GET /health
2026-02-11 16:49:51,469 [INFO] api: Response: 200 | 1ms
2026-02-11 16:50:06,743 [INFO] api: Incoming: GET /health
2026-02-11 16:50:06,746 [INFO] api: Response: 200 | 3ms
2026-02-11 16:50:21,977 [INFO] api: Incoming: GET /health
2026-02-11 16:50:21,980 [INFO] api: Response: 200 | 2ms
2026-02-11 16:50:37,199 [INFO] api: Incoming: GET /health
2026-02-11 16:50:37,201 [INFO] api: Response: 200 | 2ms
2026-02-11 16:50:52,419 [INFO] api: Incoming: GET /health
2026-02-11 16:50:52,421 [INFO] api: Response: 200 | 2ms
2026-02-11 16:51:07,622 [INFO] api: Incoming: GET /health
2026-02-11 16:51:07,623 [INFO] api: Response: 200 | 1ms
2026-02-11 16:51:22,835 [INFO] api: Incoming: GET /health
2026-02-11 16:51:22,836 [INFO] api: Response: 200 | 1ms
2026-02-11 16:51:38,063 [INFO] api: Incoming: GET /health
2026-02-11 16:51:38,067 [INFO] api: Response: 200 | 4ms
2026-02-11 16:51:53,278 [INFO] api: Incoming: GET /health
2026-02-11 16:51:53,279 [INFO] api: Response: 200 | 1ms
2026-02-11 16:52:08,497 [INFO] api: Incoming: GET /health
2026-02-11 16:52:08,498 [INFO] api: Response: 200 | 1ms
2026-02-11 16:52:23,706 [INFO] api: Incoming: GET /health
2026-02-11 16:52:23,708 [INFO] api: Response: 200 | 1ms
2026-02-11 16:52:38,949 [INFO] api: Incoming: GET /health
2026-02-11 16:52:38,950 [INFO] api: Response: 200 | 1ms
2026-02-11 16:52:54,175 [INFO] api: Incoming: GET /health
2026-02-11 16:52:54,178 [INFO] api: Response: 200 | 2ms
2026-02-11 16:53:09,454 [INFO] api: Incoming: GET /health
2026-02-11 16:53:09,456 [INFO] api: Response: 200 | 2ms
2026-02-11 16:53:24,681 [INFO] api: Incoming: GET /health
2026-02-11 16:53:24,683 [INFO] api: Response: 200 | 1ms
2026-02-11 16:53:39,917 [INFO] api: Incoming: GET /health
2026-02-11 16:53:39,919 [INFO] api: Response: 200 | 1ms
2026-02-11 16:53:55,152 [INFO] api: Incoming: GET /health
2026-02-11 16:53:55,154 [INFO] api: Response: 200 | 1ms
2026-02-11 16:54:10,425 [INFO] api: Incoming: GET /health
2026-02-11 16:54:10,427 [INFO] api: Response: 200 | 1ms
2026-02-11 16:54:25,654 [INFO] api: Incoming: GET /health
2026-02-11 16:54:25,660 [INFO] api: Response: 200 | 6ms
2026-02-11 16:54:40,912 [INFO] api: Incoming: GET /health
2026-02-11 16:54:40,913 [INFO] api: Response: 200 | 1ms
2026-02-11 16:54:56,142 [INFO] api: Incoming: GET /health
2026-02-11 16:54:56,144 [INFO] api: Response: 200 | 2ms
2026-02-11 16:55:11,402 [INFO] api: Incoming: GET /health
2026-02-11 16:55:11,405 [INFO] api: Response: 200 | 2ms
2026-02-11 16:55:26,622 [INFO] api: Incoming: GET /health
2026-02-11 16:55:26,624 [INFO] api: Response: 200 | 2ms
2026-02-11 16:55:41,847 [INFO] api: Incoming: GET /health
2026-02-11 16:55:41,848 [INFO] api: Response: 200 | 1ms
2026-02-11 16:55:57,066 [INFO] api: Incoming: GET /health
2026-02-11 16:55:57,068 [INFO] api: Response: 200 | 1ms
2026-02-11 16:56:12,308 [INFO] api: Incoming: GET /health
2026-02-11 16:56:12,309 [INFO] api: Response: 200 | 1ms
2026-02-11 16:56:27,538 [INFO] api: Incoming: GET /health
2026-02-11 16:56:27,540 [INFO] api: Response: 200 | 2ms
2026-02-11 16:56:42,758 [INFO] api: Incoming: GET /health
2026-02-11 16:56:42,759 [INFO] api: Response: 200 | 1ms
2026-02-11 16:56:57,969 [INFO] api: Incoming: GET /health
2026-02-11 16:56:57,976 [INFO] api: Response: 200 | 7ms
2026-02-11 16:57:13,175 [INFO] api: Incoming: GET /health
2026-02-11 16:57:13,176 [INFO] api: Response: 200 | 1ms
2026-02-11 16:57:28,398 [INFO] api: Incoming: GET /health
2026-02-11 16:57:28,401 [INFO] api: Response: 200 | 3ms
2026-02-11 16:57:43,626 [INFO] api: Incoming: GET /health
2026-02-11 16:57:43,627 [INFO] api: Response: 200 | 1ms
2026-02-11 16:57:58,853 [INFO] api: Incoming: GET /health
2026-02-11 16:57:58,855 [INFO] api: Response: 200 | 1ms
2026-02-11 16:58:14,085 [INFO] api: Incoming: GET /health
2026-02-11 16:58:14,087 [INFO] api: Response: 200 | 1ms
2026-02-11 16:58:29,369 [INFO] api: Incoming: GET /health
2026-02-11 16:58:29,371 [INFO] api: Response: 200 | 2ms
2026-02-11 16:58:44,618 [INFO] api: Incoming: GET /health
2026-02-11 16:58:44,620 [INFO] api: Response: 200 | 1ms
2026-02-11 16:58:59,848 [INFO] api: Incoming: GET /health
2026-02-11 16:58:59,850 [INFO] api: Response: 200 | 1ms
2026-02-11 16:59:15,076 [INFO] api: Incoming: GET /health
2026-02-11 16:59:15,082 [INFO] api: Response: 200 | 6ms
2026-02-11 16:59:30,298 [INFO] api: Incoming: GET /health
2026-02-11 16:59:30,299 [INFO] api: Response: 200 | 0ms
2026-02-11 16:59:45,542 [INFO] api: Incoming: GET /health
2026-02-11 16:59:45,546 [INFO] api: Response: 200 | 3ms
2026-02-11 17:00:00,778 [INFO] api: Incoming: GET /health
2026-02-11 17:00:00,781 [INFO] api: Response: 200 | 2ms
2026-02-11 17:00:15,994 [INFO] api: Incoming: GET /health
2026-02-11 17:00:15,997 [INFO] api: Response: 200 | 2ms
2026-02-11 17:00:31,223 [INFO] api: Incoming: GET /health
2026-02-11 17:00:31,225 [INFO] api: Response: 200 | 2ms
2026-02-11 17:00:46,439 [INFO] api: Incoming: GET /health
2026-02-11 17:00:46,440 [INFO] api: Response: 200 | 1ms
2026-02-11 17:01:01,679 [INFO] api: Incoming: GET /health
2026-02-11 17:01:01,682 [INFO] api: Response: 200 | 3ms
2026-02-11 17:01:16,916 [INFO] api: Incoming: GET /health
2026-02-11 17:01:16,918 [INFO] api: Response: 200 | 1ms
2026-02-11 17:01:32,150 [INFO] api: Incoming: GET /health
2026-02-11 17:01:32,152 [INFO] api: Response: 200 | 2ms
2026-02-11 17:01:47,394 [INFO] api: Incoming: GET /health
2026-02-11 17:01:47,396 [INFO] api: Response: 200 | 1ms
2026-02-11 17:02:02,632 [INFO] api: Incoming: GET /health
2026-02-11 17:02:02,636 [INFO] api: Response: 200 | 4ms
2026-02-11 17:02:17,873 [INFO] api: Incoming: GET /health
2026-02-11 17:02:17,875 [INFO] api: Response: 200 | 1ms
2026-02-11 17:02:33,090 [INFO] api: Incoming: GET /health
2026-02-11 17:02:33,091 [INFO] api: Response: 200 | 0ms
2026-02-11 17:02:48,345 [INFO] api: Incoming: GET /health
2026-02-11 17:02:48,350 [INFO] api: Response: 200 | 5ms
2026-02-11 17:03:03,605 [INFO] api: Incoming: GET /health
2026-02-11 17:03:03,607 [INFO] api: Response: 200 | 1ms
2026-02-11 17:03:18,855 [INFO] api: Incoming: GET /health
2026-02-11 17:03:18,863 [INFO] api: Response: 200 | 8ms
2026-02-11 17:03:34,067 [INFO] api: Incoming: GET /health
2026-02-11 17:03:34,068 [INFO] api: Response: 200 | 1ms
2026-02-11 17:03:49,287 [INFO] api: Incoming: GET /health
2026-02-11 17:03:49,289 [INFO] api: Response: 200 | 2ms
2026-02-11 17:04:04,497 [INFO] api: Incoming: GET /health
2026-02-11 17:04:04,498 [INFO] api: Response: 200 | 1ms
2026-02-11 17:04:19,791 [INFO] api: Incoming: GET /health
2026-02-11 17:04:19,793 [INFO] api: Response: 200 | 1ms
2026-02-11 17:04:35,006 [INFO] api: Incoming: GET /health
2026-02-11 17:04:35,007 [INFO] api: Response: 200 | 1ms
2026-02-11 17:04:50,240 [INFO] api: Incoming: GET /health
2026-02-11 17:04:50,243 [INFO] api: Response: 200 | 3ms
2026-02-11 17:05:05,484 [INFO] api: Incoming: GET /health
2026-02-11 17:05:05,487 [INFO] api: Response: 200 | 3ms
2026-02-11 17:05:20,712 [INFO] api: Incoming: GET /health
2026-02-11 17:05:20,714 [INFO] api: Response: 200 | 2ms
2026-02-11 17:05:35,927 [INFO] api: Incoming: GET /health
2026-02-11 17:05:35,929 [INFO] api: Response: 200 | 1ms
2026-02-11 17:05:51,141 [INFO] api: Incoming: GET /health
2026-02-11 17:05:51,142 [INFO] api: Response: 200 | 1ms
2026-02-11 17:06:06,368 [INFO] api: Incoming: GET /health
2026-02-11 17:06:06,370 [INFO] api: Response: 200 | 2ms
2026-02-11 17:06:21,602 [INFO] api: Incoming: GET /health
2026-02-11 17:06:21,604 [INFO] api: Response: 200 | 1ms
2026-02-11 17:06:36,809 [INFO] api: Incoming: GET /health
2026-02-11 17:06:36,811 [INFO] api: Response: 200 | 1ms
2026-02-11 17:06:52,031 [INFO] api: Incoming: GET /health
2026-02-11 17:06:52,033 [INFO] api: Response: 200 | 1ms
2026-02-11 17:07:07,261 [INFO] api: Incoming: GET /health
2026-02-11 17:07:07,263 [INFO] api: Response: 200 | 1ms
2026-02-11 17:07:22,497 [INFO] api: Incoming: GET /health
2026-02-11 17:07:22,499 [INFO] api: Response: 200 | 1ms
2026-02-11 17:07:37,730 [INFO] api: Incoming: GET /health
2026-02-11 17:07:37,732 [INFO] api: Response: 200 | 1ms
2026-02-11 17:07:52,938 [INFO] api: Incoming: GET /health
2026-02-11 17:07:52,940 [INFO] api: Response: 200 | 1ms
2026-02-11 17:08:08,166 [INFO] api: Incoming: GET /health
2026-02-11 17:08:08,167 [INFO] api: Response: 200 | 1ms
2026-02-11 17:08:23,396 [INFO] api: Incoming: GET /health
2026-02-11 17:08:23,402 [INFO] api: Response: 200 | 5ms
2026-02-11 17:08:38,609 [INFO] api: Incoming: GET /health
2026-02-11 17:08:38,610 [INFO] api: Response: 200 | 1ms
2026-02-11 17:08:53,846 [INFO] api: Incoming: GET /health
2026-02-11 17:08:53,847 [INFO] api: Response: 200 | 1ms
2026-02-11 17:09:09,061 [INFO] api: Incoming: GET /health
2026-02-11 17:09:09,062 [INFO] api: Response: 200 | 1ms
2026-02-11 17:09:24,275 [INFO] api: Incoming: GET /health
2026-02-11 17:09:24,276 [INFO] api: Response: 200 | 1ms
2026-02-11 17:09:39,510 [INFO] api: Incoming: GET /health
2026-02-11 17:09:39,511 [INFO] api: Response: 200 | 1ms
2026-02-11 17:09:54,734 [INFO] api: Incoming: GET /health
2026-02-11 17:09:54,736 [INFO] api: Response: 200 | 2ms
2026-02-11 17:10:09,970 [INFO] api: Incoming: GET /health
2026-02-11 17:10:09,971 [INFO] api: Response: 200 | 1ms
2026-02-11 17:10:25,208 [INFO] api: Incoming: GET /health
2026-02-11 17:10:25,210 [INFO] api: Response: 200 | 1ms
2026-02-11 17:10:40,453 [INFO] api: Incoming: GET /health
2026-02-11 17:10:40,457 [INFO] api: Response: 200 | 3ms
2026-02-11 17:10:55,673 [INFO] api: Incoming: GET /health
2026-02-11 17:10:55,675 [INFO] api: Response: 200 | 1ms
2026-02-11 17:11:10,925 [INFO] api: Incoming: GET /health
2026-02-11 17:11:10,927 [INFO] api: Response: 200 | 2ms
2026-02-11 17:11:26,172 [INFO] api: Incoming: GET /health
2026-02-11 17:11:26,174 [INFO] api: Response: 200 | 1ms
2026-02-11 17:11:41,420 [INFO] api: Incoming: GET /health
2026-02-11 17:11:41,422 [INFO] api: Response: 200 | 1ms
2026-02-11 17:11:56,630 [INFO] api: Incoming: GET /health
2026-02-11 17:11:56,631 [INFO] api: Response: 200 | 1ms
2026-02-11 17:12:11,829 [INFO] api: Incoming: GET /health
2026-02-11 17:12:11,831 [INFO] api: Response: 200 | 1ms
2026-02-11 17:12:27,073 [INFO] api: Incoming: GET /health
2026-02-11 17:12:27,077 [INFO] api: Response: 200 | 4ms
2026-02-11 17:12:42,323 [INFO] api: Incoming: GET /health
2026-02-11 17:12:42,326 [INFO] api: Response: 200 | 3ms
2026-02-11 17:12:57,573 [INFO] api: Incoming: GET /health
2026-02-11 17:12:57,575 [INFO] api: Response: 200 | 2ms
2026-02-11 17:13:12,830 [INFO] api: Incoming: GET /health
2026-02-11 17:13:12,832 [INFO] api: Response: 200 | 2ms
2026-02-11 17:13:28,070 [INFO] api: Incoming: GET /health
2026-02-11 17:13:28,072 [INFO] api: Response: 200 | 1ms
2026-02-11 17:13:43,362 [INFO] api: Incoming: GET /health
2026-02-11 17:13:43,364 [INFO] api: Response: 200 | 1ms
2026-02-11 17:13:58,582 [INFO] api: Incoming: GET /health
2026-02-11 17:13:58,583 [INFO] api: Response: 200 | 1ms
2026-02-11 17:14:13,816 [INFO] api: Incoming: GET /health
2026-02-11 17:14:13,818 [INFO] api: Response: 200 | 1ms
2026-02-11 17:14:29,054 [INFO] api: Incoming: GET /health
2026-02-11 17:14:29,056 [INFO] api: Response: 200 | 1ms
2026-02-11 17:14:44,277 [INFO] api: Incoming: GET /health
2026-02-11 17:14:44,279 [INFO] api: Response: 200 | 2ms
2026-02-11 17:14:59,518 [INFO] api: Incoming: GET /health
2026-02-11 17:14:59,520 [INFO] api: Response: 200 | 2ms
2026-02-11 17:15:14,750 [INFO] api: Incoming: GET /health
2026-02-11 17:15:14,752 [INFO] api: Response: 200 | 2ms
2026-02-11 17:15:29,953 [INFO] api: Incoming: GET /health
2026-02-11 17:15:29,954 [INFO] api: Response: 200 | 1ms
2026-02-11 17:15:45,152 [INFO] api: Incoming: GET /health
2026-02-11 17:15:45,153 [INFO] api: Response: 200 | 1ms
2026-02-11 17:16:00,379 [INFO] api: Incoming: GET /health
2026-02-11 17:16:00,381 [INFO] api: Response: 200 | 1ms
2026-02-11 17:16:15,827 [INFO] api: Incoming: GET /health
2026-02-11 17:16:15,829 [INFO] api: Response: 200 | 1ms
2026-02-11 17:16:31,079 [INFO] api: Incoming: GET /health
2026-02-11 17:16:31,080 [INFO] api: Response: 200 | 1ms
2026-02-11 17:16:46,301 [INFO] api: Incoming: GET /health
2026-02-11 17:16:46,304 [INFO] api: Response: 200 | 3ms
2026-02-11 17:17:01,549 [INFO] api: Incoming: GET /health
2026-02-11 17:17:01,551 [INFO] api: Response: 200 | 2ms
2026-02-11 17:17:16,777 [INFO] api: Incoming: GET /health
2026-02-11 17:17:16,779 [INFO] api: Response: 200 | 1ms
2026-02-11 17:17:32,007 [INFO] api: Incoming: GET /health
2026-02-11 17:17:32,008 [INFO] api: Response: 200 | 1ms
2026-02-11 17:17:47,254 [INFO] api: Incoming: GET /health
2026-02-11 17:17:47,256 [INFO] api: Response: 200 | 1ms
2026-02-11 17:18:02,489 [INFO] api: Incoming: GET /health
2026-02-11 17:18:02,491 [INFO] api: Response: 200 | 1ms
2026-02-11 17:18:17,722 [INFO] api: Incoming: GET /health
2026-02-11 17:18:17,723 [INFO] api: Response: 200 | 1ms
2026-02-11 17:18:32,971 [INFO] api: Incoming: GET /health
2026-02-11 17:18:32,974 [INFO] api: Response: 200 | 2ms
2026-02-11 17:18:48,187 [INFO] api: Incoming: GET /health
2026-02-11 17:18:48,192 [INFO] api: Response: 200 | 5ms
2026-02-11 17:19:03,429 [INFO] api: Incoming: GET /health
2026-02-11 17:19:03,431 [INFO] api: Response: 200 | 2ms
2026-02-11 17:19:18,692 [INFO] api: Incoming: GET /health
2026-02-11 17:19:18,696 [INFO] api: Response: 200 | 3ms
2026-02-11 17:19:33,923 [INFO] api: Incoming: GET /health
2026-02-11 17:19:33,924 [INFO] api: Response: 200 | 1ms
2026-02-11 17:19:49,170 [INFO] api: Incoming: GET /health
2026-02-11 17:19:49,181 [INFO] api: Response: 200 | 10ms
2026-02-11 17:20:04,412 [INFO] api: Incoming: GET /health
2026-02-11 17:20:04,414 [INFO] api: Response: 200 | 2ms
2026-02-11 17:20:19,652 [INFO] api: Incoming: GET /health
2026-02-11 17:20:19,653 [INFO] api: Response: 200 | 1ms
2026-02-11 17:20:34,883 [INFO] api: Incoming: GET /health
2026-02-11 17:20:34,885 [INFO] api: Response: 200 | 2ms
2026-02-11 17:20:50,093 [INFO] api: Incoming: GET /health
2026-02-11 17:20:50,095 [INFO] api: Response: 200 | 1ms
2026-02-11 17:21:05,340 [INFO] api: Incoming: GET /health
2026-02-11 17:21:05,342 [INFO] api: Response: 200 | 1ms
2026-02-11 17:21:20,570 [INFO] api: Incoming: GET /health
2026-02-11 17:21:20,573 [INFO] api: Response: 200 | 3ms
2026-02-11 17:21:35,797 [INFO] api: Incoming: GET /health
2026-02-11 17:21:35,798 [INFO] api: Response: 200 | 1ms
2026-02-11 17:21:51,034 [INFO] api: Incoming: GET /health
2026-02-11 17:21:51,036 [INFO] api: Response: 200 | 1ms
2026-02-11 17:22:06,308 [INFO] api: Incoming: GET /health
2026-02-11 17:22:06,311 [INFO] api: Response: 200 | 2ms
2026-02-11 17:22:21,550 [INFO] api: Incoming: GET /health
2026-02-11 17:22:21,552 [INFO] api: Response: 200 | 1ms
2026-02-11 17:22:36,781 [INFO] api: Incoming: GET /health
2026-02-11 17:22:36,784 [INFO] api: Response: 200 | 2ms
2026-02-11 17:22:52,055 [INFO] api: Incoming: GET /health
2026-02-11 17:22:52,065 [INFO] api: Response: 200 | 10ms
2026-02-11 17:23:07,307 [INFO] api: Incoming: GET /health
2026-02-11 17:23:07,314 [INFO] api: Response: 200 | 7ms
2026-02-11 17:23:22,550 [INFO] api: Incoming: GET /health
2026-02-11 17:23:22,556 [INFO] api: Response: 200 | 5ms
2026-02-11 17:23:37,795 [INFO] api: Incoming: GET /health
2026-02-11 17:23:37,798 [INFO] api: Response: 200 | 3ms
2026-02-11 17:23:53,020 [INFO] api: Incoming: GET /health
2026-02-11 17:23:53,022 [INFO] api: Response: 200 | 1ms
2026-02-11 17:24:08,261 [INFO] api: Incoming: GET /health
2026-02-11 17:24:08,263 [INFO] api: Response: 200 | 1ms
2026-02-11 17:24:23,505 [INFO] api: Incoming: GET /health
2026-02-11 17:24:23,506 [INFO] api: Response: 200 | 1ms
2026-02-11 17:24:38,727 [INFO] api: Incoming: GET /health
2026-02-11 17:24:38,729 [INFO] api: Response: 200 | 1ms
2026-02-11 17:24:53,966 [INFO] api: Incoming: GET /health
2026-02-11 17:24:53,968 [INFO] api: Response: 200 | 2ms
2026-02-11 17:25:09,210 [INFO] api: Incoming: GET /health
2026-02-11 17:25:09,211 [INFO] api: Response: 200 | 1ms
2026-02-11 17:25:24,434 [INFO] api: Incoming: GET /health
2026-02-11 17:25:24,435 [INFO] api: Response: 200 | 1ms
2026-02-11 17:25:39,681 [INFO] api: Incoming: GET /health
2026-02-11 17:25:39,682 [INFO] api: Response: 200 | 1ms
2026-02-11 17:25:54,907 [INFO] api: Incoming: GET /health
2026-02-11 17:25:54,908 [INFO] api: Response: 200 | 1ms
2026-02-11 17:26:10,154 [INFO] api: Incoming: GET /health
2026-02-11 17:26:10,157 [INFO] api: Response: 200 | 2ms
2026-02-11 17:26:25,397 [INFO] api: Incoming: GET /health
2026-02-11 17:26:25,399 [INFO] api: Response: 200 | 1ms
2026-02-11 17:26:40,618 [INFO] api: Incoming: GET /health
2026-02-11 17:26:40,620 [INFO] api: Response: 200 | 1ms
2026-02-11 17:26:55,835 [INFO] api: Incoming: GET /health
2026-02-11 17:26:55,838 [INFO] api: Response: 200 | 3ms
2026-02-11 17:27:11,074 [INFO] api: Incoming: GET /health
2026-02-11 17:27:11,075 [INFO] api: Response: 200 | 1ms
2026-02-11 17:27:26,303 [INFO] api: Incoming: GET /health
2026-02-11 17:27:26,305 [INFO] api: Response: 200 | 1ms
2026-02-11 09:27:36,995 [INFO] app.database: Attempting to connect to database (Attempt 1/10)...
2026-02-11 09:27:37,167 [INFO] app.database: Ensured promptmodeenum includes OCR_EXTRACT
2026-02-11 09:27:37,167 [INFO] app.database: Database connection successful and tables created.
2026-02-11 09:27:37,472 [INFO] root: Prompt registry bootstrap from files is disabled; using DB-only prompts/schemas.
2026-02-11 09:27:37,517 [INFO] root: Prompt binding integrity OK: active_bindings=9 active_pairs=9
2026-02-11 09:27:37,519 [INFO] app: Stripe env loaded: STRIPE_SECRET_KEY=SET STRIPE_LIVE_MODE=False
2026-02-11 09:27:37,519 [INFO] app: Stripe key masked: sk_test***6NRS
2026-02-11 17:27:41,531 [INFO] api: Incoming: GET /health
2026-02-11 17:27:41,533 [INFO] api: Response: 200 | 2ms
2026-02-11 17:27:56,768 [INFO] api: Incoming: GET /health
2026-02-11 17:27:56,770 [INFO] api: Response: 200 | 1ms
2026-02-11 17:28:12,000 [INFO] api: Incoming: GET /health
2026-02-11 17:28:12,003 [INFO] api: Response: 200 | 2ms
2026-02-11 17:28:27,235 [INFO] api: Incoming: GET /health
2026-02-11 17:28:27,237 [INFO] api: Response: 200 | 1ms
2026-02-11 17:28:42,467 [INFO] api: Incoming: GET /health
2026-02-11 17:28:42,469 [INFO] api: Response: 200 | 2ms
2026-02-11 09:28:53,414 [INFO] api: Incoming: GET /api/v1/topups/products
2026-02-11 09:28:53,426 [INFO] api: Response: 200 | 10ms
2026-02-11 17:28:57,684 [INFO] api: Incoming: GET /health
2026-02-11 17:28:57,686 [INFO] api: Response: 200 | 1ms
2026-02-11 17:29:12,969 [INFO] api: Incoming: GET /health
2026-02-11 17:29:12,971 [INFO] api: Response: 200 | 2ms
2026-02-11 17:29:28,208 [INFO] api: Incoming: GET /health
2026-02-11 17:29:28,214 [INFO] api: Response: 200 | 5ms
2026-02-11 09:29:40,068 [INFO] api: Incoming: GET /api/v1/topups/products
2026-02-11 09:29:40,077 [INFO] api: Response: 200 | 7ms
2026-02-11 17:29:43,430 [INFO] api: Incoming: GET /health
2026-02-11 17:29:43,431 [INFO] api: Response: 200 | 1ms
2026-02-11 17:29:58,680 [INFO] api: Incoming: GET /health
2026-02-11 17:29:58,681 [INFO] api: Response: 200 | 1ms
2026-02-11 17:30:13,902 [INFO] api: Incoming: GET /health
2026-02-11 17:30:13,905 [INFO] api: Response: 200 | 3ms
2026-02-11 17:30:29,188 [INFO] api: Incoming: GET /health
2026-02-11 17:30:29,191 [INFO] api: Response: 200 | 3ms
2026-02-11 17:30:44,426 [INFO] api: Incoming: GET /health
2026-02-11 17:30:44,428 [INFO] api: Response: 200 | 2ms
2026-02-11 17:30:59,654 [INFO] api: Incoming: GET /health
2026-02-11 17:30:59,655 [INFO] api: Response: 200 | 1ms
2026-02-11 17:31:14,903 [INFO] api: Incoming: GET /health
2026-02-11 17:31:14,905 [INFO] api: Response: 200 | 1ms
2026-02-11 17:31:30,134 [INFO] api: Incoming: GET /health
2026-02-11 17:31:30,136 [INFO] api: Response: 200 | 2ms
2026-02-11 17:31:45,365 [INFO] api: Incoming: GET /health
2026-02-11 17:31:45,366 [INFO] api: Response: 200 | 1ms
2026-02-11 17:32:00,594 [INFO] api: Incoming: GET /health
2026-02-11 17:32:00,596 [INFO] api: Response: 200 | 1ms
2026-02-11 17:32:15,832 [INFO] api: Incoming: GET /health
2026-02-11 17:32:15,834 [INFO] api: Response: 200 | 1ms
2026-02-11 17:32:31,074 [INFO] api: Incoming: GET /health
2026-02-11 17:32:31,076 [INFO] api: Response: 200 | 1ms
2026-02-11 17:32:46,321 [INFO] api: Incoming: GET /health
2026-02-11 17:32:46,323 [INFO] api: Response: 200 | 1ms
2026-02-11 17:33:01,594 [INFO] api: Incoming: GET /health
2026-02-11 17:33:01,597 [INFO] api: Response: 200 | 2ms
2026-02-11 17:33:16,821 [INFO] api: Incoming: GET /health
2026-02-11 17:33:16,822 [INFO] api: Response: 200 | 1ms
2026-02-11 17:33:32,065 [INFO] api: Incoming: GET /health
2026-02-11 17:33:32,067 [INFO] api: Response: 200 | 1ms
2026-02-11 17:33:47,311 [INFO] api: Incoming: GET /health
2026-02-11 17:33:47,313 [INFO] api: Response: 200 | 2ms
2026-02-11 17:34:02,551 [INFO] api: Incoming: GET /health
2026-02-11 17:34:02,554 [INFO] api: Response: 200 | 2ms
2026-02-11 09:34:05,771 [INFO] api: Incoming: GET /api/v1/topups/products
2026-02-11 09:34:05,778 [INFO] api: Response: 200 | 6ms
2026-02-11 17:34:17,774 [INFO] api: Incoming: GET /health
2026-02-11 17:34:17,776 [INFO] api: Response: 200 | 1ms
2026-02-11 17:34:33,004 [INFO] api: Incoming: GET /health
2026-02-11 17:34:33,007 [INFO] api: Response: 200 | 3ms
2026-02-11 17:34:48,240 [INFO] api: Incoming: GET /health
2026-02-11 17:34:48,242 [INFO] api: Response: 200 | 1ms
2026-02-11 17:35:03,506 [INFO] api: Incoming: GET /health
2026-02-11 17:35:03,509 [INFO] api: Response: 200 | 3ms
2026-02-11 17:35:18,747 [INFO] api: Incoming: GET /health
2026-02-11 17:35:18,748 [INFO] api: Response: 200 | 1ms
2026-02-11 17:35:33,996 [INFO] api: Incoming: GET /health
2026-02-11 17:35:33,998 [INFO] api: Response: 200 | 1ms
2026-02-11 17:35:49,470 [INFO] api: Incoming: GET /health
2026-02-11 17:35:49,472 [INFO] api: Response: 200 | 1ms
2026-02-11 17:36:04,996 [INFO] api: Incoming: GET /health
2026-02-11 17:36:04,997 [INFO] api: Response: 200 | 1ms
2026-02-11 17:36:20,232 [INFO] api: Incoming: GET /health
2026-02-11 17:36:20,233 [INFO] api: Response: 200 | 1ms
2026-02-11 17:36:35,485 [INFO] api: Incoming: GET /health
2026-02-11 17:36:35,486 [INFO] api: Response: 200 | 1ms
2026-02-11 17:36:50,716 [INFO] api: Incoming: GET /health
2026-02-11 17:36:50,721 [INFO] api: Response: 200 | 5ms
2026-02-11 17:37:05,936 [INFO] api: Incoming: GET /health
2026-02-11 17:37:05,937 [INFO] api: Response: 200 | 1ms
2026-02-11 17:37:21,200 [INFO] api: Incoming: GET /health
2026-02-11 17:37:21,202 [INFO] api: Response: 200 | 1ms
2026-02-11 17:37:36,453 [INFO] api: Incoming: GET /health
2026-02-11 17:37:36,454 [INFO] api: Response: 200 | 1ms
2026-02-11 17:37:51,681 [INFO] api: Incoming: GET /health
2026-02-11 17:37:51,682 [INFO] api: Response: 200 | 1ms
2026-02-11 09:37:55,754 [INFO] api: Incoming: GET /api/legal/privacy
2026-02-11 09:37:55,761 [INFO] api: Response: 404 | Published privacy policy not found
2026-02-11 09:37:56,273 [INFO] api: Incoming: GET /api/legal/privacy
2026-02-11 09:37:56,278 [INFO] api: Response: 404 | Published privacy policy not found
2026-02-11 09:38:06,634 [INFO] api: Incoming: GET /api/v1/topups/products
2026-02-11 09:38:06,639 [INFO] api: Response: 200 | 4ms
2026-02-11 17:38:06,924 [INFO] api: Incoming: GET /health
2026-02-11 17:38:06,926 [INFO] api: Response: 200 | 1ms
2026-02-11 09:38:08,851 [INFO] api: Incoming: GET /api/legal/terms
2026-02-11 09:38:08,856 [INFO] api: Response: 404 | Published terms of service not found
2026-02-11 17:38:22,166 [INFO] api: Incoming: GET /health
2026-02-11 17:38:22,168 [INFO] api: Response: 200 | 2ms
2026-02-11 09:38:29,461 [INFO] api: Incoming: GET /api/legal/terms
2026-02-11 09:38:29,465 [INFO] api: Response: 404 | Published terms of service not found
2026-02-11 17:38:37,450 [INFO] api: Incoming: GET /health
2026-02-11 17:38:37,452 [INFO] api: Response: 200 | 1ms
2026-02-11 09:38:49,693 [INFO] api: Incoming: OPTIONS /api/v1/login
2026-02-11 09:38:49,693 [INFO] api: Response: 200 | 0ms
2026-02-11 09:38:49,696 [INFO] api: Incoming: POST /api/v1/login
2026-02-11 09:38:49,735 [INFO] api: Response: 200 | 38ms
2026-02-11 09:38:50,585 [INFO] api: Incoming: OPTIONS /api/v1/wallet/summary
2026-02-11 09:38:50,587 [INFO] api: Response: 200 | 0ms
2026-02-11 09:38:50,589 [INFO] api: Incoming: OPTIONS /api/v1/wallet/summary
2026-02-11 09:38:50,590 [INFO] api: Incoming: OPTIONS /api/v1/wallet/programs
2026-02-11 09:38:50,591 [INFO] api: Response: 200 | 2ms
2026-02-11 09:38:50,593 [INFO] api: Incoming: GET /api/v1/wallet/summary
2026-02-11 09:38:50,596 [INFO] api: Response: 200 | 5ms
2026-02-11 09:38:50,598 [INFO] api: Incoming: OPTIONS /api/legal/status
2026-02-11 09:38:50,599 [INFO] api: Incoming: OPTIONS /api/v1/wallet/programs
2026-02-11 09:38:50,599 [INFO] api: Response: 200 | 2ms
2026-02-11 09:38:50,599 [INFO] api: Incoming: GET /api/v1/wallet/programs
2026-02-11 09:38:50,599 [INFO] api: Response: 200 | 4ms
2026-02-11 09:38:50,608 [INFO] api: Incoming: GET /api/legal/status
2026-02-11 09:38:50,621 [INFO] api: Incoming: GET /api/v1/history
2026-02-11 09:38:50,625 [INFO] api: Incoming: GET /api/v1/user/profile
2026-02-11 09:38:50,625 [INFO] api: Incoming: GET /api/v1/config/token-policy
2026-02-11 09:38:50,654 [INFO] api: Incoming: GET /api/v1/config/token-policy
2026-02-11 09:38:50,727 [INFO] api: Response: 200 | 102ms
2026-02-11 09:38:50,729 [INFO] api: Response: 200 | 107ms
2026-02-11 09:38:50,729 [INFO] api: Response: 200 | 105ms
2026-02-11 09:38:50,734 [INFO] api: Response: 200 | 78ms
2026-02-11 09:38:50,734 [INFO] api: Response: 200 | 142ms
2026-02-11 09:38:50,739 [INFO] api: Incoming: GET /api/v1/wallet/summary
2026-02-11 09:38:50,740 [INFO] api: Response: 200 | 132ms
2026-02-11 09:38:50,741 [INFO] api: Response: 200 | 139ms
2026-02-11 09:38:50,744 [INFO] api: Incoming: OPTIONS /api/v1/credits/estimate
2026-02-11 09:38:50,744 [INFO] api: Incoming: GET /api/v1/wallet/programs
2026-02-11 09:38:50,746 [INFO] api: Incoming: GET /api/v1/history
2026-02-11 09:38:50,746 [INFO] api: Response: 200 | 3ms
2026-02-11 09:38:50,750 [INFO] api: Incoming: GET /api/v1/user/profile
2026-02-11 09:38:50,752 [INFO] api: Incoming: POST /api/v1/credits/estimate
2026-02-11 09:38:50,754 [INFO] api: Incoming: GET /api/v1/users/online
2026-02-11 09:38:50,772 [INFO] api: Response: 200 | 25ms
2026-02-11 09:38:50,774 [INFO] api: Response: 200 | 24ms
2026-02-11 09:38:50,779 [INFO] api: Response: 200 | 25ms
2026-02-11 09:38:50,792 [INFO] api: Response: 200 | 53ms
2026-02-11 09:38:50,792 [INFO] api: Response: 200 | 41ms
2026-02-11 09:38:50,795 [INFO] api: Incoming: GET /api/v1/wallet/summary
2026-02-11 09:38:50,799 [INFO] api: Response: 200 | 53ms
2026-02-11 09:38:50,801 [INFO] api: Incoming: GET /api/v1/users/online
2026-02-11 09:38:50,807 [INFO] api: Response: 200 | 6ms
2026-02-11 09:38:50,818 [INFO] api: Response: 200 | 21ms
2026-02-11 09:38:50,821 [INFO] api: Incoming: GET /api/v1/wallet/summary
2026-02-11 09:38:50,835 [INFO] api: Response: 200 | 15ms
2026-02-11 09:38:52,290 [INFO] api: Incoming: GET /api/v1/wallet/summary
2026-02-11 09:38:52,308 [INFO] api: Response: 200 | 17ms
2026-02-11 17:38:52,675 [INFO] api: Incoming: GET /health
2026-02-11 17:38:52,677 [INFO] api: Response: 200 | 1ms
2026-02-11 09:38:54,016 [INFO] api: Incoming: POST /api/v1/credits/estimate
2026-02-11 09:38:54,028 [INFO] api: Response: 200 | 11ms
2026-02-11 09:39:00,367 [INFO] api: Incoming: GET /api/v1/wallet/summary
2026-02-11 09:39:00,383 [INFO] api: Response: 200 | 16ms
2026-02-11 09:39:07,842 [INFO] api: Incoming: GET /api/v1/wallet/summary
2026-02-11 09:39:07,861 [INFO] api: Response: 200 | 16ms
2026-02-11 17:39:07,900 [INFO] api: Incoming: GET /health
2026-02-11 17:39:07,901 [INFO] api: Response: 200 | 1ms
2026-02-11 09:39:10,586 [INFO] api: Incoming: GET /api/v1/wallet/summary
2026-02-11 09:39:10,597 [INFO] api: Response: 200 | 9ms
2026-02-11 09:39:12,190 [INFO] api: Incoming: POST /api/v1/ocr/extract
2026-02-11 09:39:12,220 [ERROR] api: Response: 500 | Unhandled Error: [Errno 2] No such file or directory: 'storage/uploads\\68_20260211_030504_cadf4b9c.jpg'
  + Exception Group Traceback (most recent call last):
  |   File "C:\Users\loaia\AppData\Local\Programs\Python\Python311\Lib\site-packages\starlette\_utils.py", line 85, in collapse_excgroups
  |     yield
  |   File "C:\Users\loaia\AppData\Local\Programs\Python\Python311\Lib\site-packages\starlette\middleware\base.py", line 190, in __call__
  |     async with anyio.create_task_group() as task_group:
  |   File "C:\Users\loaia\AppData\Local\Programs\Python\Python311\Lib\site-packages\anyio\_backends\_asyncio.py", line 772, in __aexit__
  |     raise BaseExceptionGroup(
  | ExceptionGroup: unhandled errors in a TaskGroup (1 sub-exception)
  +-+---------------- 1 ----------------
    | Traceback (most recent call last):
    |   File "C:\Users\loaia\AppData\Local\Programs\Python\Python311\Lib\site-packages\starlette\middleware\errors.py", line 164, in __call__
    |     await self.app(scope, receive, _send)
    |   File "C:\Users\loaia\AppData\Local\Programs\Python\Python311\Lib\site-packages\starlette\middleware\base.py", line 189, in __call__
    |     with collapse_excgroups():
    |   File "C:\Users\loaia\AppData\Local\Programs\Python\Python311\Lib\contextlib.py", line 155, in __exit__
    |     self.gen.throw(typ, value, traceback)
    |   File "C:\Users\loaia\AppData\Local\Programs\Python\Python311\Lib\site-packages\starlette\_utils.py", line 91, in collapse_excgroups
    |     raise exc
    |   File "C:\Users\loaia\AppData\Local\Programs\Python\Python311\Lib\site-packages\starlette\middleware\base.py", line 191, in __call__
    |     response = await self.dispatch_func(request, call_next)
    |                ^^^^^^^^^^^^^^^^^^^^^^^^^^^^^^^^^^^^^^^^^^^^
    |   File "E:\uaskstudents\backend\app\main.py", line 153, in log_requests
    |     duration_ms = int((time.perf_counter() - start_time) * 1000)
    |     ^^^^^^^
    |   File "E:\uaskstudents\backend\app\main.py", line 134, in log_requests
    |     logger.info(f"Incoming: {request.method} {request.url.path}", extra=TraceContext.get_all())
    |                    ^^^^^^^^^^^^^^^^^^^^^^^^
    |   File "C:\Users\loaia\AppData\Local\Programs\Python\Python311\Lib\site-packages\starlette\middleware\base.py", line 165, in call_next
    |     raise app_exc
    |   File "C:\Users\loaia\AppData\Local\Programs\Python\Python311\Lib\site-packages\starlette\middleware\base.py", line 151, in coro
    |     await self.app(scope, receive_or_disconnect, send_no_error)
    |   File "C:\Users\loaia\AppData\Local\Programs\Python\Python311\Lib\site-packages\starlette\middleware\cors.py", line 91, in __call__
    |     await self.simple_response(scope, receive, send, request_headers=headers)
    |   File "C:\Users\loaia\AppData\Local\Programs\Python\Python311\Lib\site-packages\starlette\middleware\cors.py", line 146, in simple_response
    |     await self.app(scope, receive, send)
    |   File "C:\Users\loaia\AppData\Local\Programs\Python\Python311\Lib\site-packages\starlette\middleware\exceptions.py", line 62, in __call__
    |     await wrap_app_handling_exceptions(self.app, conn)(scope, receive, send)
    |   File "C:\Users\loaia\AppData\Local\Programs\Python\Python311\Lib\site-packages\starlette\_exception_handler.py", line 64, in wrapped_app
    |     raise exc
    |   File "C:\Users\loaia\AppData\Local\Programs\Python\Python311\Lib\site-packages\starlette\_exception_handler.py", line 53, in wrapped_app
    |     await app(scope, receive, sender)
    |   File "C:\Users\loaia\AppData\Local\Programs\Python\Python311\Lib\site-packages\starlette\routing.py", line 762, in __call__
    |     await self.middleware_stack(scope, receive, send)
    |   File "C:\Users\loaia\AppData\Local\Programs\Python\Python311\Lib\site-packages\starlette\routing.py", line 782, in app
    |     await route.handle(scope, receive, send)
    |   File "C:\Users\loaia\AppData\Local\Programs\Python\Python311\Lib\site-packages\starlette\routing.py", line 297, in handle
    |     await self.app(scope, receive, send)
    |   File "C:\Users\loaia\AppData\Local\Programs\Python\Python311\Lib\site-packages\starlette\routing.py", line 77, in app
    |     await wrap_app_handling_exceptions(app, request)(scope, receive, send)
    |   File "C:\Users\loaia\AppData\Local\Programs\Python\Python311\Lib\site-packages\starlette\_exception_handler.py", line 64, in wrapped_app
    |     raise exc
    |   File "C:\Users\loaia\AppData\Local\Programs\Python\Python311\Lib\site-packages\starlette\_exception_handler.py", line 53, in wrapped_app
    |     await app(scope, receive, sender)
    |   File "C:\Users\loaia\AppData\Local\Programs\Python\Python311\Lib\site-packages\starlette\routing.py", line 72, in app
    |     response = await func(request)
    |                ^^^^^^^^^^^^^^^^^^^
    |   File "C:\Users\loaia\AppData\Local\Programs\Python\Python311\Lib\site-packages\fastapi\routing.py", line 299, in app
    |     raise e
    |   File "C:\Users\loaia\AppData\Local\Programs\Python\Python311\Lib\site-packages\fastapi\routing.py", line 294, in app
    |     raw_response = await run_endpoint_function(
    |                    ^^^^^^^^^^^^^^^^^^^^^^^^^^^^
    |   File "C:\Users\loaia\AppData\Local\Programs\Python\Python311\Lib\site-packages\fastapi\routing.py", line 191, in run_endpoint_function
    |     return await dependant.call(**values)
    |            ^^^^^^^^^^^^^^^^^^^^^^^^^^^^^^
    |   File "C:\Users\loaia\AppData\Local\Programs\Python\Python311\Lib\site-packages\slowapi\extension.py", line 734, in async_wrapper
    |     response = await func(*args, **kwargs)  # type: ignore
    |                ^^^^^^^^^^^^^^^^^^^^^^^^^^^
    |   File "E:\uaskstudents\backend\app\api.py", line 3203, in ocr_extract
    |     from app.services.billing_ledger_service_v2 import billing_ledger_service_v2
    |            ^^^^^^^^^^^^^^^^^^^^^^^^^^^^^^^^^^^^^^^^^^^^^^^^^^^^^^^^^^^^^^^^^^^^^
    |   File "E:\uaskstudents\backend\app\services\ocr\crop_service.py", line 19, in create_crop
    |     img = Image.open(upload.storage_url)
    |           ^^^^^^^^^^^^^^^^^^^^^^^^^^^^^^
    |   File "C:\Users\loaia\AppData\Local\Programs\Python\Python311\Lib\site-packages\PIL\Image.py", line 3512, in open
    |     fp = builtins.open(filename, "rb")
    |          ^^^^^^^^^^^^^^^^^^^^^^^^^^^^^
    | FileNotFoundError: [Errno 2] No such file or directory: 'storage/uploads\\68_20260211_030504_cadf4b9c.jpg'
    +------------------------------------

During handling of the above exception, another exception occurred:

Traceback (most recent call last):
  File "C:\Users\loaia\AppData\Local\Programs\Python\Python311\Lib\site-packages\starlette\middleware\errors.py", line 164, in __call__
    await self.app(scope, receive, _send)
  File "C:\Users\loaia\AppData\Local\Programs\Python\Python311\Lib\site-packages\starlette\middleware\base.py", line 189, in __call__
    with collapse_excgroups():
  File "C:\Users\loaia\AppData\Local\Programs\Python\Python311\Lib\contextlib.py", line 155, in __exit__
    self.gen.throw(typ, value, traceback)
  File "C:\Users\loaia\AppData\Local\Programs\Python\Python311\Lib\site-packages\starlette\_utils.py", line 91, in collapse_excgroups
    raise exc
  File "C:\Users\loaia\AppData\Local\Programs\Python\Python311\Lib\site-packages\starlette\middleware\base.py", line 191, in __call__
    response = await self.dispatch_func(request, call_next)
               ^^^^^^^^^^^^^^^^^^^^^^^^^^^^^^^^^^^^^^^^^^^^
  File "E:\uaskstudents\backend\app\main.py", line 153, in log_requests
    duration_ms = int((time.perf_counter() - start_time) * 1000)
    ^^^^^^^
  File "E:\uaskstudents\backend\app\main.py", line 134, in log_requests
    logger.info(f"Incoming: {request.method} {request.url.path}", extra=TraceContext.get_all())
                   ^^^^^^^^^^^^^^^^^^^^^^^^
  File "C:\Users\loaia\AppData\Local\Programs\Python\Python311\Lib\site-packages\starlette\middleware\base.py", line 165, in call_next
    raise app_exc
  File "C:\Users\loaia\AppData\Local\Programs\Python\Python311\Lib\site-packages\starlette\middleware\base.py", line 151, in coro
    await self.app(scope, receive_or_disconnect, send_no_error)
  File "C:\Users\loaia\AppData\Local\Programs\Python\Python311\Lib\site-packages\starlette\middleware\cors.py", line 91, in __call__
    await self.simple_response(scope, receive, send, request_headers=headers)
  File "C:\Users\loaia\AppData\Local\Programs\Python\Python311\Lib\site-packages\starlette\middleware\cors.py", line 146, in simple_response
    await self.app(scope, receive, send)
  File "C:\Users\loaia\AppData\Local\Programs\Python\Python311\Lib\site-packages\starlette\middleware\exceptions.py", line 62, in __call__
    await wrap_app_handling_exceptions(self.app, conn)(scope, receive, send)
  File "C:\Users\loaia\AppData\Local\Programs\Python\Python311\Lib\site-packages\starlette\_exception_handler.py", line 64, in wrapped_app
    raise exc
  File "C:\Users\loaia\AppData\Local\Programs\Python\Python311\Lib\site-packages\starlette\_exception_handler.py", line 53, in wrapped_app
    await app(scope, receive, sender)
  File "C:\Users\loaia\AppData\Local\Programs\Python\Python311\Lib\site-packages\starlette\routing.py", line 762, in __call__
    await self.middleware_stack(scope, receive, send)
  File "C:\Users\loaia\AppData\Local\Programs\Python\Python311\Lib\site-packages\starlette\routing.py", line 782, in app
    await route.handle(scope, receive, send)
  File "C:\Users\loaia\AppData\Local\Programs\Python\Python311\Lib\site-packages\starlette\routing.py", line 297, in handle
    await self.app(scope, receive, send)
  File "C:\Users\loaia\AppData\Local\Programs\Python\Python311\Lib\site-packages\starlette\routing.py", line 77, in app
    await wrap_app_handling_exceptions(app, request)(scope, receive, send)
  File "C:\Users\loaia\AppData\Local\Programs\Python\Python311\Lib\site-packages\starlette\_exception_handler.py", line 64, in wrapped_app
    raise exc
  File "C:\Users\loaia\AppData\Local\Programs\Python\Python311\Lib\site-packages\starlette\_exception_handler.py", line 53, in wrapped_app
    await app(scope, receive, sender)
  File "C:\Users\loaia\AppData\Local\Programs\Python\Python311\Lib\site-packages\starlette\routing.py", line 72, in app
    response = await func(request)
               ^^^^^^^^^^^^^^^^^^^
  File "C:\Users\loaia\AppData\Local\Programs\Python\Python311\Lib\site-packages\fastapi\routing.py", line 299, in app
    raise e
  File "C:\Users\loaia\AppData\Local\Programs\Python\Python311\Lib\site-packages\fastapi\routing.py", line 294, in app
    raw_response = await run_endpoint_function(
                   ^^^^^^^^^^^^^^^^^^^^^^^^^^^^
  File "C:\Users\loaia\AppData\Local\Programs\Python\Python311\Lib\site-packages\fastapi\routing.py", line 191, in run_endpoint_function
    return await dependant.call(**values)
           ^^^^^^^^^^^^^^^^^^^^^^^^^^^^^^
  File "C:\Users\loaia\AppData\Local\Programs\Python\Python311\Lib\site-packages\slowapi\extension.py", line 734, in async_wrapper
    response = await func(*args, **kwargs)  # type: ignore
               ^^^^^^^^^^^^^^^^^^^^^^^^^^^
  File "E:\uaskstudents\backend\app\api.py", line 3203, in ocr_extract
    from app.services.billing_ledger_service_v2 import billing_ledger_service_v2
           ^^^^^^^^^^^^^^^^^^^^^^^^^^^^^^^^^^^^^^^^^^^^^^^^^^^^^^^^^^^^^^^^^^^^^
  File "E:\uaskstudents\backend\app\services\ocr\crop_service.py", line 19, in create_crop
    img = Image.open(upload.storage_url)
          ^^^^^^^^^^^^^^^^^^^^^^^^^^^^^^
  File "C:\Users\loaia\AppData\Local\Programs\Python\Python311\Lib\site-packages\PIL\Image.py", line 3512, in open
    fp = builtins.open(filename, "rb")
         ^^^^^^^^^^^^^^^^^^^^^^^^^^^^^
FileNotFoundError: [Errno 2] No such file or directory: 'storage/uploads\\68_20260211_030504_cadf4b9c.jpg'
2026-02-11 09:39:20,587 [INFO] api: Incoming: GET /api/v1/user/profile
2026-02-11 09:39:20,595 [INFO] api: Response: 200 | 8ms
2026-02-11 09:39:20,602 [INFO] api: Incoming: GET /api/v1/users/online
2026-02-11 09:39:20,605 [INFO] api: Response: 200 | 3ms
2026-02-11 17:39:23,164 [INFO] api: Incoming: GET /health
2026-02-11 17:39:23,165 [INFO] api: Response: 200 | 1ms
2026-02-11 09:39:30,586 [INFO] api: Incoming: GET /api/v1/wallet/summary
2026-02-11 09:39:30,597 [INFO] api: Response: 200 | 9ms
2026-02-11 17:39:38,383 [INFO] api: Incoming: GET /health
2026-02-11 17:39:38,386 [INFO] api: Response: 200 | 2ms
2026-02-11 09:39:50,586 [INFO] api: Incoming: GET /api/v1/wallet/summary
2026-02-11 09:39:50,589 [INFO] api: Incoming: GET /api/v1/user/profile
2026-02-11 09:39:50,595 [INFO] api: Response: 200 | 7ms
2026-02-11 09:39:50,603 [INFO] api: Incoming: GET /api/v1/users/online
2026-02-11 09:39:50,604 [INFO] api: Response: 200 | 17ms
2026-02-11 09:39:50,607 [INFO] api: Response: 200 | 3ms
2026-02-11 17:39:53,615 [INFO] api: Incoming: GET /health
2026-02-11 17:39:53,617 [INFO] api: Response: 200 | 1ms
2026-02-11 17:40:08,874 [INFO] api: Incoming: GET /health
2026-02-11 17:40:08,876 [INFO] api: Response: 200 | 1ms
2026-02-11 09:40:10,582 [INFO] api: Incoming: GET /api/v1/wallet/summary
2026-02-11 09:40:10,595 [INFO] api: Response: 200 | 10ms
2026-02-11 09:40:20,591 [INFO] api: Incoming: GET /api/v1/user/profile
2026-02-11 09:40:20,600 [INFO] api: Response: 200 | 8ms
2026-02-11 09:40:20,605 [INFO] api: Incoming: GET /api/v1/users/online
2026-02-11 09:40:20,609 [INFO] api: Response: 200 | 4ms
2026-02-11 17:40:24,106 [INFO] api: Incoming: GET /health
2026-02-11 17:40:24,107 [INFO] api: Response: 200 | 1ms
2026-02-11 09:40:31,137 [INFO] api: Incoming: GET /api/v1/wallet/summary
2026-02-11 09:40:31,144 [INFO] api: Response: 200 | 10ms
2026-02-11 09:40:37,957 [INFO] api: Incoming: GET /api/v1/wallet/summary
2026-02-11 09:40:37,970 [INFO] api: Response: 200 | 14ms
2026-02-11 17:40:39,327 [INFO] api: Incoming: GET /health
2026-02-11 17:40:39,329 [INFO] api: Response: 200 | 1ms
2026-02-11 09:40:51,130 [INFO] api: Incoming: GET /api/v1/wallet/summary
2026-02-11 09:40:51,132 [INFO] api: Incoming: GET /api/v1/user/profile
2026-02-11 09:40:51,140 [INFO] api: Response: 200 | 8ms
2026-02-11 09:40:51,140 [INFO] api: Response: 200 | 15ms
2026-02-11 09:40:51,140 [INFO] api: Incoming: GET /api/v1/users/online
2026-02-11 09:40:51,150 [INFO] api: Response: 200 | 3ms
2026-02-11 17:40:54,533 [INFO] api: Incoming: GET /health
2026-02-11 17:40:54,534 [INFO] api: Response: 200 | 1ms
2026-02-11 09:41:05,602 [INFO] api: Incoming: GET /api/v1/wallet/summary
2026-02-11 09:41:05,617 [INFO] api: Response: 200 | 14ms
2026-02-11 17:41:09,784 [INFO] api: Incoming: GET /health
2026-02-11 17:41:09,786 [INFO] api: Response: 200 | 2ms
2026-02-11 09:41:10,586 [INFO] api: Incoming: GET /api/v1/wallet/summary
2026-02-11 09:41:10,598 [INFO] api: Response: 200 | 12ms
2026-02-11 09:41:21,129 [INFO] api: Incoming: GET /api/v1/user/profile
2026-02-11 09:41:21,139 [INFO] api: Response: 200 | 7ms
2026-02-11 09:41:21,145 [INFO] api: Incoming: GET /api/v1/users/online
2026-02-11 09:41:21,150 [INFO] api: Response: 200 | 4ms
2026-02-11 17:41:25,019 [INFO] api: Incoming: GET /health
2026-02-11 17:41:25,024 [INFO] api: Response: 200 | 5ms
2026-02-11 09:41:31,127 [INFO] api: Incoming: GET /api/v1/wallet/summary
2026-02-11 09:41:31,139 [INFO] api: Response: 200 | 12ms
2026-02-11 17:41:40,264 [INFO] api: Incoming: GET /health
2026-02-11 17:41:40,266 [INFO] api: Response: 200 | 1ms
2026-02-11 09:41:51,135 [INFO] api: Incoming: GET /api/v1/wallet/summary
2026-02-11 09:41:51,137 [INFO] api: Incoming: GET /api/v1/user/profile
2026-02-11 09:41:51,145 [INFO] api: Response: 200 | 7ms
2026-02-11 09:41:51,147 [INFO] api: Response: 200 | 13ms
2026-02-11 09:41:51,154 [INFO] api: Incoming: GET /api/v1/users/online
2026-02-11 09:41:51,157 [INFO] api: Response: 200 | 3ms
2026-02-11 17:41:55,494 [INFO] api: Incoming: GET /health
2026-02-11 17:41:55,496 [INFO] api: Response: 200 | 2ms
2026-02-11 17:42:10,746 [INFO] api: Incoming: GET /health
2026-02-11 17:42:10,748 [INFO] api: Response: 200 | 1ms
2026-02-11 09:42:15,126 [INFO] api: Incoming: GET /api/v1/wallet/summary
2026-02-11 09:42:15,144 [INFO] api: Response: 200 | 17ms
2026-02-11 17:42:25,962 [INFO] api: Incoming: GET /health
2026-02-11 17:42:25,963 [INFO] api: Response: 200 | 1ms
2026-02-11 17:42:41,212 [INFO] api: Incoming: GET /health
2026-02-11 17:42:41,214 [INFO] api: Response: 200 | 1ms
2026-02-11 17:42:56,426 [INFO] api: Incoming: GET /health
2026-02-11 17:42:56,427 [INFO] api: Response: 200 | 1ms
2026-02-11 17:43:11,645 [INFO] api: Incoming: GET /health
2026-02-11 17:43:11,647 [INFO] api: Response: 200 | 1ms
2026-02-11 09:43:15,132 [INFO] api: Incoming: GET /api/v1/wallet/summary
2026-02-11 09:43:15,135 [INFO] api: Incoming: GET /api/v1/user/profile
2026-02-11 09:43:15,143 [INFO] api: Response: 200 | 7ms
2026-02-11 09:43:15,150 [INFO] api: Incoming: GET /api/v1/users/online
2026-02-11 09:43:15,150 [INFO] api: Response: 200 | 18ms
2026-02-11 09:43:15,154 [INFO] api: Response: 200 | 3ms
2026-02-11 17:43:26,874 [INFO] api: Incoming: GET /health
2026-02-11 17:43:26,877 [INFO] api: Response: 200 | 2ms
2026-02-11 17:43:42,111 [INFO] api: Incoming: GET /health
2026-02-11 17:43:42,118 [INFO] api: Response: 200 | 7ms
2026-02-11 17:43:57,327 [INFO] api: Incoming: GET /health
2026-02-11 17:43:57,328 [INFO] api: Response: 200 | 1ms
2026-02-11 17:44:12,564 [INFO] api: Incoming: GET /health
2026-02-11 17:44:12,566 [INFO] api: Response: 200 | 1ms
2026-02-11 09:44:15,134 [INFO] api: Incoming: GET /api/v1/wallet/summary
2026-02-11 09:44:15,137 [INFO] api: Incoming: GET /api/v1/user/profile
2026-02-11 09:44:15,147 [INFO] api: Response: 200 | 9ms
2026-02-11 09:44:15,155 [INFO] api: Response: 200 | 21ms
2026-02-11 09:44:15,157 [INFO] api: Incoming: GET /api/v1/users/online
2026-02-11 09:44:15,162 [INFO] api: Response: 200 | 3ms
2026-02-11 17:44:27,800 [INFO] api: Incoming: GET /health
2026-02-11 17:44:27,802 [INFO] api: Response: 200 | 2ms
2026-02-11 17:44:43,045 [INFO] api: Incoming: GET /health
2026-02-11 17:44:43,046 [INFO] api: Response: 200 | 1ms
2026-02-11 17:44:58,277 [INFO] api: Incoming: GET /health
2026-02-11 17:44:58,283 [INFO] api: Response: 200 | 5ms
2026-02-11 17:45:13,503 [INFO] api: Incoming: GET /health
2026-02-11 17:45:13,506 [INFO] api: Response: 200 | 2ms
2026-02-11 09:45:15,130 [INFO] api: Incoming: GET /api/v1/wallet/summary
2026-02-11 09:45:15,134 [INFO] api: Incoming: GET /api/v1/user/profile
2026-02-11 09:45:15,144 [INFO] api: Response: 200 | 10ms
2026-02-11 09:45:15,151 [INFO] api: Response: 200 | 20ms
2026-02-11 09:45:15,153 [INFO] api: Incoming: GET /api/v1/users/online
2026-02-11 09:45:15,157 [INFO] api: Response: 200 | 3ms
2026-02-11 17:45:28,722 [INFO] api: Incoming: GET /health
2026-02-11 17:45:28,724 [INFO] api: Response: 200 | 2ms
2026-02-11 17:45:43,953 [INFO] api: Incoming: GET /health
2026-02-11 17:45:43,954 [INFO] api: Response: 200 | 1ms
2026-02-11 17:45:59,165 [INFO] api: Incoming: GET /health
2026-02-11 17:45:59,167 [INFO] api: Response: 200 | 2ms
2026-02-11 17:46:14,384 [INFO] api: Incoming: GET /health
2026-02-11 17:46:14,386 [INFO] api: Response: 200 | 2ms
2026-02-11 09:46:15,129 [INFO] api: Incoming: GET /api/v1/wallet/summary
2026-02-11 09:46:15,130 [INFO] api: Incoming: GET /api/v1/user/profile
2026-02-11 09:46:15,140 [INFO] api: Response: 200 | 9ms
2026-02-11 09:46:15,148 [INFO] api: Incoming: GET /api/v1/users/online
2026-02-11 09:46:15,150 [INFO] api: Response: 200 | 21ms
2026-02-11 09:46:15,151 [INFO] api: Response: 200 | 4ms
2026-02-11 17:46:29,610 [INFO] api: Incoming: GET /health
2026-02-11 17:46:29,611 [INFO] api: Response: 200 | 1ms
2026-02-11 17:46:44,859 [INFO] api: Incoming: GET /health
2026-02-11 17:46:44,861 [INFO] api: Response: 200 | 1ms
2026-02-11 17:47:00,100 [INFO] api: Incoming: GET /health
2026-02-11 17:47:00,102 [INFO] api: Response: 200 | 2ms
2026-02-11 09:47:15,127 [INFO] api: Incoming: GET /api/v1/wallet/summary
2026-02-11 09:47:15,131 [INFO] api: Incoming: GET /api/v1/user/profile
2026-02-11 09:47:15,138 [INFO] api: Response: 200 | 7ms
2026-02-11 09:47:15,145 [INFO] api: Response: 200 | 17ms
2026-02-11 09:47:15,147 [INFO] api: Incoming: GET /api/v1/users/online
2026-02-11 09:47:15,151 [INFO] api: Response: 200 | 4ms
2026-02-11 17:47:15,321 [INFO] api: Incoming: GET /health
2026-02-11 17:47:15,323 [INFO] api: Response: 200 | 1ms
2026-02-11 17:47:30,600 [INFO] api: Incoming: GET /health
2026-02-11 17:47:30,603 [INFO] api: Response: 200 | 2ms
2026-02-11 17:47:45,816 [INFO] api: Incoming: GET /health
2026-02-11 17:47:45,818 [INFO] api: Response: 200 | 1ms
2026-02-11 17:48:01,054 [INFO] api: Incoming: GET /health
2026-02-11 17:48:01,056 [INFO] api: Response: 200 | 1ms
2026-02-11 09:48:15,128 [INFO] api: Incoming: GET /api/v1/wallet/summary
2026-02-11 09:48:15,131 [INFO] api: Incoming: GET /api/v1/user/profile
2026-02-11 09:48:15,137 [INFO] api: Response: 200 | 8ms
2026-02-11 09:48:15,143 [INFO] api: Incoming: GET /api/v1/users/online
2026-02-11 09:48:15,149 [INFO] api: Response: 200 | 22ms
2026-02-11 09:48:15,149 [INFO] api: Response: 200 | 4ms
2026-02-11 17:48:16,305 [INFO] api: Incoming: GET /health
2026-02-11 17:48:16,309 [INFO] api: Response: 200 | 3ms
2026-02-11 17:48:31,519 [INFO] api: Incoming: GET /health
2026-02-11 17:48:31,520 [INFO] api: Response: 200 | 1ms
2026-02-11 17:48:46,716 [INFO] api: Incoming: GET /health
2026-02-11 17:48:46,718 [INFO] api: Response: 200 | 1ms
2026-02-11 17:49:01,923 [INFO] api: Incoming: GET /health
2026-02-11 17:49:01,925 [INFO] api: Response: 200 | 1ms
2026-02-11 09:49:15,137 [INFO] api: Incoming: OPTIONS /api/v1/wallet/summary
2026-02-11 09:49:15,138 [INFO] api: Response: 200 | 0ms
2026-02-11 09:49:15,139 [INFO] api: Incoming: GET /api/v1/wallet/summary
2026-02-11 09:49:15,141 [INFO] api: Incoming: GET /api/v1/user/profile
2026-02-11 09:49:15,150 [INFO] api: Response: 200 | 11ms
2026-02-11 09:49:15,161 [INFO] api: Response: 200 | 21ms
2026-02-11 09:49:15,163 [INFO] api: Incoming: GET /api/v1/users/online
2026-02-11 09:49:15,166 [INFO] api: Response: 200 | 4ms
2026-02-11 17:49:17,166 [INFO] api: Incoming: GET /health
2026-02-11 17:49:17,175 [INFO] api: Response: 200 | 8ms
2026-02-11 17:49:32,456 [INFO] api: Incoming: GET /health
2026-02-11 17:49:32,458 [INFO] api: Response: 200 | 1ms
2026-02-11 17:49:47,703 [INFO] api: Incoming: GET /health
2026-02-11 17:49:47,705 [INFO] api: Response: 200 | 1ms
2026-02-11 17:50:02,936 [INFO] api: Incoming: GET /health
2026-02-11 17:50:02,942 [INFO] api: Response: 200 | 5ms
2026-02-11 09:50:15,140 [INFO] api: Incoming: GET /api/v1/wallet/summary
2026-02-11 09:50:15,146 [INFO] api: Incoming: GET /api/v1/user/profile
2026-02-11 09:50:15,158 [INFO] api: Response: 200 | 9ms
2026-02-11 09:50:15,163 [INFO] api: Incoming: GET /api/v1/users/online
2026-02-11 09:50:15,163 [INFO] api: Response: 200 | 2ms
2026-02-11 09:50:15,163 [INFO] api: Response: 200 | 20ms
2026-02-11 17:50:18,183 [INFO] api: Incoming: GET /health
2026-02-11 17:50:18,186 [INFO] api: Response: 200 | 3ms
2026-02-11 17:50:33,399 [INFO] api: Incoming: GET /health
2026-02-11 17:50:33,401 [INFO] api: Response: 200 | 1ms
2026-02-11 17:50:48,620 [INFO] api: Incoming: GET /health
2026-02-11 17:50:48,622 [INFO] api: Response: 200 | 1ms
2026-02-11 17:51:03,831 [INFO] api: Incoming: GET /health
2026-02-11 17:51:03,836 [INFO] api: Response: 200 | 5ms
2026-02-11 09:51:15,130 [INFO] api: Incoming: GET /api/v1/wallet/summary
2026-02-11 09:51:15,133 [INFO] api: Incoming: GET /api/v1/user/profile
2026-02-11 09:51:15,140 [INFO] api: Response: 200 | 6ms
2026-02-11 09:51:15,144 [INFO] api: Incoming: GET /api/v1/users/online
2026-02-11 09:51:15,144 [INFO] api: Response: 200 | 18ms
2026-02-11 09:51:15,150 [INFO] api: Response: 200 | 3ms
2026-02-11 17:51:19,119 [INFO] api: Incoming: GET /health
2026-02-11 17:51:19,121 [INFO] api: Response: 200 | 1ms
2026-02-11 17:51:34,390 [INFO] api: Incoming: GET /health
2026-02-11 17:51:34,391 [INFO] api: Response: 200 | 1ms
2026-02-11 17:51:49,614 [INFO] api: Incoming: GET /health
2026-02-11 17:51:49,615 [INFO] api: Response: 200 | 1ms
2026-02-11 17:52:04,871 [INFO] api: Incoming: GET /health
2026-02-11 17:52:04,873 [INFO] api: Response: 200 | 2ms
2026-02-11 09:52:15,140 [INFO] api: Incoming: GET /api/v1/wallet/summary
2026-02-11 09:52:15,144 [INFO] api: Incoming: GET /api/v1/user/profile
2026-02-11 09:52:15,153 [INFO] api: Response: 200 | 8ms
2026-02-11 09:52:15,157 [INFO] api: Incoming: GET /api/v1/users/online
2026-02-11 09:52:15,162 [INFO] api: Response: 200 | 19ms
2026-02-11 09:52:15,162 [INFO] api: Response: 200 | 3ms
2026-02-11 17:52:20,125 [INFO] api: Incoming: GET /health
2026-02-11 17:52:20,140 [INFO] api: Response: 200 | 14ms
2026-02-11 17:52:35,387 [INFO] api: Incoming: GET /health
2026-02-11 17:52:35,390 [INFO] api: Response: 200 | 3ms
2026-02-11 17:52:50,613 [INFO] api: Incoming: GET /health
2026-02-11 17:52:50,614 [INFO] api: Response: 200 | 1ms
2026-02-11 17:53:05,813 [INFO] api: Incoming: GET /health
2026-02-11 17:53:05,814 [INFO] api: Response: 200 | 1ms
2026-02-11 09:53:15,136 [INFO] api: Incoming: GET /api/v1/wallet/summary
2026-02-11 09:53:15,138 [INFO] api: Incoming: GET /api/v1/user/profile
2026-02-11 09:53:15,148 [INFO] api: Response: 200 | 8ms
2026-02-11 09:53:15,154 [INFO] api: Response: 200 | 19ms
2026-02-11 09:53:15,157 [INFO] api: Incoming: GET /api/v1/users/online
2026-02-11 09:53:15,157 [INFO] api: Response: 200 | 2ms
2026-02-11 17:53:21,101 [INFO] api: Incoming: GET /health
2026-02-11 17:53:21,102 [INFO] api: Response: 200 | 1ms
2026-02-11 17:53:36,394 [INFO] api: Incoming: GET /health
2026-02-11 17:53:36,396 [INFO] api: Response: 200 | 1ms
2026-02-11 17:53:51,626 [INFO] api: Incoming: GET /health
2026-02-11 17:53:51,628 [INFO] api: Response: 200 | 1ms
2026-02-11 17:54:06,892 [INFO] api: Incoming: GET /health
2026-02-11 17:54:06,894 [INFO] api: Response: 200 | 1ms
2026-02-11 09:54:15,136 [INFO] api: Incoming: GET /api/v1/wallet/summary
2026-02-11 09:54:15,136 [INFO] api: Incoming: GET /api/v1/user/profile
2026-02-11 09:54:15,150 [INFO] api: Response: 200 | 10ms
2026-02-11 09:54:15,161 [INFO] api: Response: 200 | 22ms
2026-02-11 09:54:15,162 [INFO] api: Incoming: GET /api/v1/users/online
2026-02-11 09:54:15,167 [INFO] api: Response: 200 | 4ms
2026-02-11 17:54:22,095 [INFO] api: Incoming: GET /health
2026-02-11 17:54:22,096 [INFO] api: Response: 200 | 1ms
2026-02-11 17:54:37,322 [INFO] api: Incoming: GET /health
2026-02-11 17:54:37,324 [INFO] api: Response: 200 | 1ms
2026-02-11 17:54:52,548 [INFO] api: Incoming: GET /health
2026-02-11 17:54:52,550 [INFO] api: Response: 200 | 1ms
2026-02-11 09:54:59,986 [INFO] app.database: Attempting to connect to database (Attempt 1/10)...
2026-02-11 09:55:00,076 [INFO] app.database: Ensured promptmodeenum includes OCR_EXTRACT
2026-02-11 09:55:00,077 [INFO] app.database: Database connection successful and tables created.
2026-02-11 09:55:00,383 [INFO] root: Prompt registry bootstrap from files is disabled; using DB-only prompts/schemas.
2026-02-11 09:55:00,427 [INFO] root: Prompt binding integrity OK: active_bindings=9 active_pairs=9
2026-02-11 09:55:00,429 [INFO] app: Stripe env loaded: STRIPE_SECRET_KEY=SET STRIPE_LIVE_MODE=False
2026-02-11 09:55:00,429 [INFO] app: Stripe key masked: sk_test***6NRS
2026-02-11 17:55:07,756 [INFO] api: Incoming: GET /health
2026-02-11 17:55:07,757 [INFO] api: Response: 200 | 1ms
2026-02-11 09:55:15,144 [INFO] api: Incoming: GET /api/v1/wallet/summary
2026-02-11 09:55:15,144 [INFO] api: Incoming: GET /api/v1/user/profile
2026-02-11 09:55:15,165 [INFO] api: Response: 200 | 18ms
2026-02-11 09:55:15,171 [INFO] api: Incoming: GET /api/v1/users/online
2026-02-11 09:55:15,178 [INFO] api: Response: 200 | 6ms
2026-02-11 09:55:15,185 [INFO] api: Response: 200 | 40ms
2026-02-11 17:55:22,957 [INFO] api: Incoming: GET /health
2026-02-11 17:55:22,959 [INFO] api: Response: 200 | 1ms
2026-02-11 17:55:38,201 [INFO] api: Incoming: GET /health
2026-02-11 17:55:38,203 [INFO] api: Response: 200 | 2ms
2026-02-11 17:55:53,433 [INFO] api: Incoming: GET /health
2026-02-11 17:55:53,435 [INFO] api: Response: 200 | 2ms
2026-02-11 17:56:08,667 [INFO] api: Incoming: GET /health
2026-02-11 17:56:08,669 [INFO] api: Response: 200 | 2ms
2026-02-11 09:56:15,138 [INFO] api: Incoming: GET /api/v1/wallet/summary
2026-02-11 09:56:15,138 [INFO] api: Incoming: GET /api/v1/user/profile
2026-02-11 09:56:15,146 [INFO] api: Response: 200 | 7ms
2026-02-11 09:56:15,153 [INFO] api: Response: 200 | 15ms
2026-02-11 09:56:15,154 [INFO] api: Incoming: GET /api/v1/users/online
2026-02-11 09:56:15,157 [INFO] api: Response: 200 | 3ms
2026-02-11 17:56:23,911 [INFO] api: Incoming: GET /health
2026-02-11 17:56:23,912 [INFO] api: Response: 200 | 1ms
